file,line,type,commit,author,date,time,timezone,datetime,depth,length
style.css,1,css,413617f0,cedjj,2025-10-15,20:24:34,-07:00,2025-10-15T20:24:34-07:00,0,4
style.css,2,css,413617f0,cedjj,2025-10-15,20:24:34,-07:00,2025-10-15T20:24:34-07:00,1,23
style.css,3,css,413617f0,cedjj,2025-10-15,20:24:34,-07:00,2025-10-15T20:24:34-07:00,1,45
style.css,4,css,413617f0,cedjj,2025-10-15,20:24:34,-07:00,2025-10-15T20:24:34-07:00,1,32
style.css,5,css,413617f0,cedjj,2025-10-15,20:24:34,-07:00,2025-10-15T20:24:34-07:00,0,0
style.css,6,css,413617f0,cedjj,2025-10-15,20:24:34,-07:00,2025-10-15T20:24:34-07:00,0,0
style.css,7,css,9f951291,cedjj,2025-09-28,18:50:10,-07:00,2025-09-28T18:50:10-07:00,0,4
style.css,8,css,9f951291,cedjj,2025-09-28,18:50:10,-07:00,2025-09-28T18:50:10-07:00,1,43
style.css,9,css,9f951291,cedjj,2025-09-28,18:50:10,-07:00,2025-09-28T18:50:10-07:00,0,42
style.css,10,css,9f951291,cedjj,2025-09-28,18:50:10,-07:00,2025-09-28T18:50:10-07:00,0,0
style.css,11,css,9f951291,cedjj,2025-09-28,18:50:10,-07:00,2025-09-28T18:50:10-07:00,1,23
style.css,12,css,f72c8e29,cedjj,2025-10-08,20:46:22,-07:00,2025-10-08T20:46:22-07:00,1,15
style.css,13,css,f72c8e29,cedjj,2025-10-08,20:46:22,-07:00,2025-10-08T20:46:22-07:00,1,18
style.css,14,css,f72c8e29,cedjj,2025-10-08,20:46:22,-07:00,2025-10-08T20:46:22-07:00,1,17
style.css,15,css,f72c8e29,cedjj,2025-10-08,20:46:22,-07:00,2025-10-08T20:46:22-07:00,0,0
style.css,16,css,f72c8e29,cedjj,2025-10-08,20:46:22,-07:00,2025-10-08T20:46:22-07:00,0,0
style.css,17,css,413617f0,cedjj,2025-10-15,20:24:34,-07:00,2025-10-15T20:24:34-07:00,0,3
style.css,18,css,f72c8e29,cedjj,2025-10-08,20:46:22,-07:00,2025-10-08T20:46:22-07:00,1,12
style.css,19,css,4eac0719,cedjj,2025-10-15,21:22:59,-07:00,2025-10-15T21:22:59-07:00,1,19
style.css,20,css,f72c8e29,cedjj,2025-10-08,20:46:22,-07:00,2025-10-08T20:46:22-07:00,1,23
style.css,21,css,f72c8e29,cedjj,2025-10-08,20:46:22,-07:00,2025-10-08T20:46:22-07:00,1,25
style.css,22,css,f72c8e29,cedjj,2025-10-08,20:46:22,-07:00,2025-10-08T20:46:22-07:00,1,37
style.css,23,css,413617f0,cedjj,2025-10-15,20:24:34,-07:00,2025-10-15T20:24:34-07:00,1,39
style.css,24,css,413617f0,cedjj,2025-10-15,20:24:34,-07:00,2025-10-15T20:24:34-07:00,1,39
style.css,25,css,413617f0,cedjj,2025-10-15,20:24:34,-07:00,2025-10-15T20:24:34-07:00,0,0
style.css,26,css,f72c8e29,cedjj,2025-10-08,20:46:22,-07:00,2025-10-08T20:46:22-07:00,0,0
style.css,27,css,f72c8e29,cedjj,2025-10-08,20:46:22,-07:00,2025-10-08T20:46:22-07:00,0,0
style.css,28,css,413617f0,cedjj,2025-10-15,20:24:34,-07:00,2025-10-15T20:24:34-07:00,0,5
style.css,29,css,f72c8e29,cedjj,2025-10-08,20:46:22,-07:00,2025-10-08T20:46:22-07:00,1,6
style.css,30,css,f72c8e29,cedjj,2025-10-08,20:46:22,-07:00,2025-10-08T20:46:22-07:00,1,20
style.css,31,css,f72c8e29,cedjj,2025-10-08,20:46:22,-07:00,2025-10-08T20:46:22-07:00,1,13
style.css,32,css,f72c8e29,cedjj,2025-10-08,20:46:22,-07:00,2025-10-08T20:46:22-07:00,1,17
style.css,33,css,f72c8e29,cedjj,2025-10-08,20:46:22,-07:00,2025-10-08T20:46:22-07:00,1,17
style.css,34,css,4eac0719,cedjj,2025-10-15,21:22:59,-07:00,2025-10-15T21:22:59-07:00,1,37
style.css,35,css,f72c8e29,cedjj,2025-10-08,20:46:22,-07:00,2025-10-08T20:46:22-07:00,0,0
style.css,36,css,413617f0,cedjj,2025-10-15,20:24:34,-07:00,2025-10-15T20:24:34-07:00,0,13
style.css,37,css,f72c8e29,cedjj,2025-10-08,20:46:22,-07:00,2025-10-08T20:46:22-07:00,1,43
style.css,38,css,413617f0,cedjj,2025-10-15,20:24:34,-07:00,2025-10-15T20:24:34-07:00,1,39
style.css,39,css,f72c8e29,cedjj,2025-10-08,20:46:22,-07:00,2025-10-08T20:46:22-07:00,1,20
style.css,40,css,f72c8e29,cedjj,2025-10-08,20:46:22,-07:00,2025-10-08T20:46:22-07:00,0,0
style.css,41,css,413617f0,cedjj,2025-10-15,20:24:34,-07:00,2025-10-15T20:24:34-07:00,0,0
style.css,42,css,413617f0,cedjj,2025-10-15,20:24:34,-07:00,2025-10-15T20:24:34-07:00,0,11
style.css,43,css,f72c8e29,cedjj,2025-10-08,20:46:22,-07:00,2025-10-08T20:46:22-07:00,1,56
style.css,44,css,f72c8e29,cedjj,2025-10-08,20:46:22,-07:00,2025-10-08T20:46:22-07:00,1,57
style.css,45,css,413617f0,cedjj,2025-10-15,20:24:34,-07:00,2025-10-15T20:24:34-07:00,1,69
style.css,46,css,f72c8e29,cedjj,2025-10-08,20:46:22,-07:00,2025-10-08T20:46:22-07:00,0,0
style.css,47,css,f72c8e29,cedjj,2025-10-08,20:46:22,-07:00,2025-10-08T20:46:22-07:00,0,0
style.css,48,css,f72c8e29,cedjj,2025-10-08,20:46:22,-07:00,2025-10-08T20:46:22-07:00,0,4
style.css,49,css,f72c8e29,cedjj,2025-10-08,20:46:22,-07:00,2025-10-08T20:46:22-07:00,1,12
style.css,50,css,f72c8e29,cedjj,2025-10-08,20:46:22,-07:00,2025-10-08T20:46:22-07:00,1,30
style.css,51,css,f72c8e29,cedjj,2025-10-08,20:46:22,-07:00,2025-10-08T20:46:22-07:00,1,7
style.css,52,css,f72c8e29,cedjj,2025-10-08,20:46:22,-07:00,2025-10-08T20:46:22-07:00,0,0
style.css,53,css,f72c8e29,cedjj,2025-10-08,20:46:22,-07:00,2025-10-08T20:46:22-07:00,0,5
style.css,54,css,f72c8e29,cedjj,2025-10-08,20:46:22,-07:00,2025-10-08T20:46:22-07:00,1,12
style.css,55,css,f72c8e29,cedjj,2025-10-08,20:46:22,-07:00,2025-10-08T20:46:22-07:00,1,29
style.css,56,css,f72c8e29,cedjj,2025-10-08,20:46:22,-07:00,2025-10-08T20:46:22-07:00,1,18
style.css,57,css,f72c8e29,cedjj,2025-10-08,20:46:22,-07:00,2025-10-08T20:46:22-07:00,0,0
style.css,58,css,f72c8e29,cedjj,2025-10-08,20:46:22,-07:00,2025-10-08T20:46:22-07:00,0,6
style.css,59,css,f72c8e29,cedjj,2025-10-08,20:46:22,-07:00,2025-10-08T20:46:22-07:00,1,18
style.css,60,css,f72c8e29,cedjj,2025-10-08,20:46:22,-07:00,2025-10-08T20:46:22-07:00,0,0
style.css,61,css,f72c8e29,cedjj,2025-10-08,20:46:22,-07:00,2025-10-08T20:46:22-07:00,0,0
style.css,62,css,413617f0,cedjj,2025-10-15,20:24:34,-07:00,2025-10-15T20:24:34-07:00,0,31
style.css,63,css,413617f0,cedjj,2025-10-15,20:24:34,-07:00,2025-10-15T20:24:34-07:00,1,19
style.css,64,css,413617f0,cedjj,2025-10-15,20:24:34,-07:00,2025-10-15T20:24:34-07:00,1,17
style.css,65,css,413617f0,cedjj,2025-10-15,20:24:34,-07:00,2025-10-15T20:24:34-07:00,0,0
style.css,66,css,413617f0,cedjj,2025-10-15,20:24:34,-07:00,2025-10-15T20:24:34-07:00,0,0
style.css,67,css,f72c8e29,cedjj,2025-10-08,20:46:22,-07:00,2025-10-08T20:46:22-07:00,0,8
style.css,68,css,f72c8e29,cedjj,2025-10-08,20:46:22,-07:00,2025-10-08T20:46:22-07:00,1,12
style.css,69,css,f72c8e29,cedjj,2025-10-08,20:46:22,-07:00,2025-10-08T20:46:22-07:00,1,58
style.css,70,css,f72c8e29,cedjj,2025-10-08,20:46:22,-07:00,2025-10-08T20:46:22-07:00,1,7
style.css,71,css,f72c8e29,cedjj,2025-10-08,20:46:22,-07:00,2025-10-08T20:46:22-07:00,0,0
style.css,72,css,f72c8e29,cedjj,2025-10-08,20:46:22,-07:00,2025-10-08T20:46:22-07:00,0,15
style.css,73,css,f72c8e29,cedjj,2025-10-08,20:46:22,-07:00,2025-10-08T20:46:22-07:00,1,12
style.css,74,css,f72c8e29,cedjj,2025-10-08,20:46:22,-07:00,2025-10-08T20:46:22-07:00,1,26
style.css,75,css,f72c8e29,cedjj,2025-10-08,20:46:22,-07:00,2025-10-08T20:46:22-07:00,1,15
style.css,76,css,f72c8e29,cedjj,2025-10-08,20:46:22,-07:00,2025-10-08T20:46:22-07:00,1,8
style.css,77,css,f72c8e29,cedjj,2025-10-08,20:46:22,-07:00,2025-10-08T20:46:22-07:00,1,7
style.css,78,css,f72c8e29,cedjj,2025-10-08,20:46:22,-07:00,2025-10-08T20:46:22-07:00,0,0
style.css,79,css,f72c8e29,cedjj,2025-10-08,20:46:22,-07:00,2025-10-08T20:46:22-07:00,0,18
style.css,80,css,f72c8e29,cedjj,2025-10-08,20:46:22,-07:00,2025-10-08T20:46:22-07:00,1,8
style.css,81,css,f72c8e29,cedjj,2025-10-08,20:46:22,-07:00,2025-10-08T20:46:22-07:00,0,0
style.css,82,css,f72c8e29,cedjj,2025-10-08,20:46:22,-07:00,2025-10-08T20:46:22-07:00,0,0
style.css,83,css,f72c8e29,cedjj,2025-10-08,20:46:22,-07:00,2025-10-08T20:46:22-07:00,0,22
style.css,84,css,f72c8e29,cedjj,2025-10-08,20:46:22,-07:00,2025-10-08T20:46:22-07:00,1,15
style.css,85,css,f72c8e29,cedjj,2025-10-08,20:46:22,-07:00,2025-10-08T20:46:22-07:00,1,17
style.css,86,css,f72c8e29,cedjj,2025-10-08,20:46:22,-07:00,2025-10-08T20:46:22-07:00,0,0
style.css,87,css,f72c8e29,cedjj,2025-10-08,20:46:22,-07:00,2025-10-08T20:46:22-07:00,0,2
style.css,88,css,f72c8e29,cedjj,2025-10-08,20:46:22,-07:00,2025-10-08T20:46:22-07:00,1,15
style.css,89,css,f72c8e29,cedjj,2025-10-08,20:46:22,-07:00,2025-10-08T20:46:22-07:00,0,0
style.css,90,css,f72c8e29,cedjj,2025-10-08,20:46:22,-07:00,2025-10-08T20:46:22-07:00,0,2
style.css,91,css,f72c8e29,cedjj,2025-10-08,20:46:22,-07:00,2025-10-08T20:46:22-07:00,1,13
style.css,92,css,f72c8e29,cedjj,2025-10-08,20:46:22,-07:00,2025-10-08T20:46:22-07:00,0,0
style.css,93,css,f72c8e29,cedjj,2025-10-08,20:46:22,-07:00,2025-10-08T20:46:22-07:00,0,2
style.css,94,css,f72c8e29,cedjj,2025-10-08,20:46:22,-07:00,2025-10-08T20:46:22-07:00,1,16
style.css,95,css,f72c8e29,cedjj,2025-10-08,20:46:22,-07:00,2025-10-08T20:46:22-07:00,0,0
style.css,96,css,f72c8e29,cedjj,2025-10-08,20:46:22,-07:00,2025-10-08T20:46:22-07:00,0,0
style.css,97,css,f72c8e29,cedjj,2025-10-08,20:46:22,-07:00,2025-10-08T20:46:22-07:00,0,8
style.css,98,css,f72c8e29,cedjj,2025-10-08,20:46:22,-07:00,2025-10-08T20:46:22-07:00,1,12
style.css,99,css,f72c8e29,cedjj,2025-10-08,20:46:22,-07:00,2025-10-08T20:46:22-07:00,1,7
style.css,100,css,f72c8e29,cedjj,2025-10-08,20:46:22,-07:00,2025-10-08T20:46:22-07:00,1,17
style.css,101,css,f72c8e29,cedjj,2025-10-08,20:46:22,-07:00,2025-10-08T20:46:22-07:00,0,0
style.css,102,css,f72c8e29,cedjj,2025-10-08,20:46:22,-07:00,2025-10-08T20:46:22-07:00,0,19
style.css,103,css,f72c8e29,cedjj,2025-10-08,20:46:22,-07:00,2025-10-08T20:46:22-07:00,1,20
style.css,104,css,f72c8e29,cedjj,2025-10-08,20:46:22,-07:00,2025-10-08T20:46:22-07:00,1,20
style.css,105,css,f72c8e29,cedjj,2025-10-08,20:46:22,-07:00,2025-10-08T20:46:22-07:00,1,23
style.css,106,css,f72c8e29,cedjj,2025-10-08,20:46:22,-07:00,2025-10-08T20:46:22-07:00,1,25
style.css,107,css,f72c8e29,cedjj,2025-10-08,20:46:22,-07:00,2025-10-08T20:46:22-07:00,1,43
style.css,108,css,f72c8e29,cedjj,2025-10-08,20:46:22,-07:00,2025-10-08T20:46:22-07:00,0,0
style.css,109,css,f72c8e29,cedjj,2025-10-08,20:46:22,-07:00,2025-10-08T20:46:22-07:00,0,5
style.css,110,css,f72c8e29,cedjj,2025-10-08,20:46:22,-07:00,2025-10-08T20:46:22-07:00,1,20
style.css,111,css,f72c8e29,cedjj,2025-10-08,20:46:22,-07:00,2025-10-08T20:46:22-07:00,0,0
style.css,112,css,f72c8e29,cedjj,2025-10-08,20:46:22,-07:00,2025-10-08T20:46:22-07:00,0,12
style.css,113,css,f72c8e29,cedjj,2025-10-08,20:46:22,-07:00,2025-10-08T20:46:22-07:00,1,20
style.css,114,css,f72c8e29,cedjj,2025-10-08,20:46:22,-07:00,2025-10-08T20:46:22-07:00,0,0
style.css,115,css,f72c8e29,cedjj,2025-10-08,20:46:22,-07:00,2025-10-08T20:46:22-07:00,0,16
style.css,116,css,f72c8e29,cedjj,2025-10-08,20:46:22,-07:00,2025-10-08T20:46:22-07:00,1,18
style.css,117,css,f72c8e29,cedjj,2025-10-08,20:46:22,-07:00,2025-10-08T20:46:22-07:00,0,0
style.css,118,css,f72c8e29,cedjj,2025-10-08,20:46:22,-07:00,2025-10-08T20:46:22-07:00,0,8
style.css,119,css,f72c8e29,cedjj,2025-10-08,20:46:22,-07:00,2025-10-08T20:46:22-07:00,1,19
style.css,120,css,f72c8e29,cedjj,2025-10-08,20:46:22,-07:00,2025-10-08T20:46:22-07:00,0,0
style.css,121,css,f72c8e29,cedjj,2025-10-08,20:46:22,-07:00,2025-10-08T20:46:22-07:00,0,10
style.css,122,css,f72c8e29,cedjj,2025-10-08,20:46:22,-07:00,2025-10-08T20:46:22-07:00,1,12
style.css,123,css,f72c8e29,cedjj,2025-10-08,20:46:22,-07:00,2025-10-08T20:46:22-07:00,1,29
style.css,124,css,f72c8e29,cedjj,2025-10-08,20:46:22,-07:00,2025-10-08T20:46:22-07:00,1,18
style.css,125,css,f72c8e29,cedjj,2025-10-08,20:46:22,-07:00,2025-10-08T20:46:22-07:00,1,14
style.css,126,css,f72c8e29,cedjj,2025-10-08,20:46:22,-07:00,2025-10-08T20:46:22-07:00,1,19
style.css,127,css,f72c8e29,cedjj,2025-10-08,20:46:22,-07:00,2025-10-08T20:46:22-07:00,0,0
style.css,128,css,f72c8e29,cedjj,2025-10-08,20:46:22,-07:00,2025-10-08T20:46:22-07:00,0,8
style.css,129,css,f72c8e29,cedjj,2025-10-08,20:46:22,-07:00,2025-10-08T20:46:22-07:00,1,8
style.css,130,css,f72c8e29,cedjj,2025-10-08,20:46:22,-07:00,2025-10-08T20:46:22-07:00,0,0
style.css,131,css,f72c8e29,cedjj,2025-10-08,20:46:22,-07:00,2025-10-08T20:46:22-07:00,0,19
style.css,132,css,f72c8e29,cedjj,2025-10-08,20:46:22,-07:00,2025-10-08T20:46:22-07:00,1,8
style.css,133,css,f72c8e29,cedjj,2025-10-08,20:46:22,-07:00,2025-10-08T20:46:22-07:00,0,0
style.css,134,css,f72c8e29,cedjj,2025-10-08,20:46:22,-07:00,2025-10-08T20:46:22-07:00,0,16
style.css,135,css,f72c8e29,cedjj,2025-10-08,20:46:22,-07:00,2025-10-08T20:46:22-07:00,1,20
style.css,136,css,f72c8e29,cedjj,2025-10-08,20:46:22,-07:00,2025-10-08T20:46:22-07:00,1,36
style.css,137,css,f72c8e29,cedjj,2025-10-08,20:46:22,-07:00,2025-10-08T20:46:22-07:00,1,15
style.css,138,css,f72c8e29,cedjj,2025-10-08,20:46:22,-07:00,2025-10-08T20:46:22-07:00,0,0
style.css,139,css,f72c8e29,cedjj,2025-10-08,20:46:22,-07:00,2025-10-08T20:46:22-07:00,0,22
style.css,140,css,f72c8e29,cedjj,2025-10-08,20:46:22,-07:00,2025-10-08T20:46:22-07:00,1,25
style.css,141,css,f72c8e29,cedjj,2025-10-08,20:46:22,-07:00,2025-10-08T20:46:22-07:00,0,0
style.css,142,css,f72c8e29,cedjj,2025-10-08,20:46:22,-07:00,2025-10-08T20:46:22-07:00,0,0
style.css,143,css,f72c8e29,cedjj,2025-10-08,20:46:22,-07:00,2025-10-08T20:46:22-07:00,0,12
style.css,144,css,f72c8e29,cedjj,2025-10-08,20:46:22,-07:00,2025-10-08T20:46:22-07:00,1,17
style.css,145,css,f72c8e29,cedjj,2025-10-08,20:46:22,-07:00,2025-10-08T20:46:22-07:00,1,18
style.css,146,css,f72c8e29,cedjj,2025-10-08,20:46:22,-07:00,2025-10-08T20:46:22-07:00,0,0
style.css,147,css,f72c8e29,cedjj,2025-10-08,20:46:22,-07:00,2025-10-08T20:46:22-07:00,0,0
style.css,148,css,f72c8e29,cedjj,2025-10-08,20:46:22,-07:00,2025-10-08T20:46:22-07:00,0,17
style.css,149,css,f72c8e29,cedjj,2025-10-08,20:46:22,-07:00,2025-10-08T20:46:22-07:00,1,18
style.css,150,css,f72c8e29,cedjj,2025-10-08,20:46:22,-07:00,2025-10-08T20:46:22-07:00,1,0
style.css,151,css,f72c8e29,cedjj,2025-10-08,20:46:22,-07:00,2025-10-08T20:46:22-07:00,0,0
style.css,152,css,f72c8e29,cedjj,2025-10-08,20:46:22,-07:00,2025-10-08T20:46:22-07:00,0,18
style.css,153,css,f72c8e29,cedjj,2025-10-08,20:46:22,-07:00,2025-10-08T20:46:22-07:00,2,17
style.css,154,css,f72c8e29,cedjj,2025-10-08,20:46:22,-07:00,2025-10-08T20:46:22-07:00,0,0
style.css,155,css,f72c8e29,cedjj,2025-10-08,20:46:22,-07:00,2025-10-08T20:46:22-07:00,0,0
style.css,156,css,f72c8e29,cedjj,2025-10-08,20:46:22,-07:00,2025-10-08T20:46:22-07:00,0,4
style.css,157,css,f72c8e29,cedjj,2025-10-08,20:46:22,-07:00,2025-10-08T20:46:22-07:00,1,18
style.css,158,css,f72c8e29,cedjj,2025-10-08,20:46:22,-07:00,2025-10-08T20:46:22-07:00,0,0
style.css,159,css,f72c8e29,cedjj,2025-10-08,20:46:22,-07:00,2025-10-08T20:46:22-07:00,0,0
style.css,160,css,413617f0,cedjj,2025-10-15,20:24:34,-07:00,2025-10-15T20:24:34-07:00,0,18
style.css,161,css,413617f0,cedjj,2025-10-15,20:24:34,-07:00,2025-10-15T20:24:34-07:00,1,13
style.css,162,css,413617f0,cedjj,2025-10-15,20:24:34,-07:00,2025-10-15T20:24:34-07:00,1,8
style.css,163,css,413617f0,cedjj,2025-10-15,20:24:34,-07:00,2025-10-15T20:24:34-07:00,1,10
style.css,164,css,413617f0,cedjj,2025-10-15,20:24:34,-07:00,2025-10-15T20:24:34-07:00,1,17
style.css,165,css,413617f0,cedjj,2025-10-15,20:24:34,-07:00,2025-10-15T20:24:34-07:00,1,19
style.css,166,css,413617f0,cedjj,2025-10-15,20:24:34,-07:00,2025-10-15T20:24:34-07:00,0,0
style.css,167,css,413617f0,cedjj,2025-10-15,20:24:34,-07:00,2025-10-15T20:24:34-07:00,0,0
style.css,168,css,92741501,cedjj,2025-10-25,16:57:38,-07:00,2025-10-25T16:57:38-07:00,0,0
style.css,169,css,92741501,cedjj,2025-10-25,16:57:38,-07:00,2025-10-25T16:57:38-07:00,0,17
style.css,170,css,92741501,cedjj,2025-10-25,16:57:38,-07:00,2025-10-25T16:57:38-07:00,1,12
style.css,171,css,92741501,cedjj,2025-10-25,16:57:38,-07:00,2025-10-25T16:57:38-07:00,1,36
style.css,172,css,92741501,cedjj,2025-10-25,16:57:38,-07:00,2025-10-25T16:57:38-07:00,1,17
style.css,173,css,92741501,cedjj,2025-10-25,16:57:38,-07:00,2025-10-25T16:57:38-07:00,1,10
style.css,174,css,92741501,cedjj,2025-10-25,16:57:38,-07:00,2025-10-25T16:57:38-07:00,0,0
style.css,175,css,92741501,cedjj,2025-10-25,16:57:38,-07:00,2025-10-25T16:57:38-07:00,0,0
style.css,176,css,92741501,cedjj,2025-10-25,16:57:38,-07:00,2025-10-25T16:57:38-07:00,0,17
style.css,177,css,92741501,cedjj,2025-10-25,16:57:38,-07:00,2025-10-25T16:57:38-07:00,1,10
style.css,178,css,92741501,cedjj,2025-10-25,16:57:38,-07:00,2025-10-25T16:57:38-07:00,1,16
style.css,179,css,92741501,cedjj,2025-10-25,16:57:38,-07:00,2025-10-25T16:57:38-07:00,0,0
style.css,180,css,92741501,cedjj,2025-10-25,16:57:38,-07:00,2025-10-25T16:57:38-07:00,0,0
style.css,181,css,92741501,cedjj,2025-10-25,16:57:38,-07:00,2025-10-25T16:57:38-07:00,0,17
style.css,182,css,92741501,cedjj,2025-10-25,16:57:38,-07:00,2025-10-25T16:57:38-07:00,1,10
style.css,183,css,92741501,cedjj,2025-10-25,16:57:38,-07:00,2025-10-25T16:57:38-07:00,1,8
style.css,184,css,8a698d94,cedjj,2025-10-31,14:42:49,-07:00,2025-10-31T14:42:49-07:00,0,0
style.css,185,css,8a698d94,cedjj,2025-10-31,14:42:49,-07:00,2025-10-31T14:42:49-07:00,0,0
style.css,186,css,8a698d94,cedjj,2025-10-31,14:42:49,-07:00,2025-10-31T14:42:49-07:00,0,18
style.css,187,css,8a698d94,cedjj,2025-10-31,14:42:49,-07:00,2025-10-31T14:42:49-07:00,1,14
style.css,188,css,8a698d94,cedjj,2025-10-31,14:42:49,-07:00,2025-10-31T14:42:49-07:00,1,16
style.css,189,css,8a698d94,cedjj,2025-10-31,14:42:49,-07:00,2025-10-31T14:42:49-07:00,1,16
style.css,190,css,8a698d94,cedjj,2025-10-31,14:42:49,-07:00,2025-10-31T14:42:49-07:00,0,0
style.css,191,css,8a698d94,cedjj,2025-10-31,14:42:49,-07:00,2025-10-31T14:42:49-07:00,0,0
style.css,192,css,8a698d94,cedjj,2025-10-31,14:42:49,-07:00,2025-10-31T14:42:49-07:00,0,7
style.css,193,css,8a698d94,cedjj,2025-10-31,14:42:49,-07:00,2025-10-31T14:42:49-07:00,1,12
style.css,194,css,8a698d94,cedjj,2025-10-31,14:42:49,-07:00,2025-10-31T14:42:49-07:00,1,57
style.css,195,css,8a698d94,cedjj,2025-10-31,14:42:49,-07:00,2025-10-31T14:42:49-07:00,1,9
style.css,196,css,8a698d94,cedjj,2025-10-31,14:42:49,-07:00,2025-10-31T14:42:49-07:00,1,15
style.css,197,css,8a698d94,cedjj,2025-10-31,14:42:49,-07:00,2025-10-31T14:42:49-07:00,1,11
style.css,198,css,8a698d94,cedjj,2025-10-31,14:42:49,-07:00,2025-10-31T14:42:49-07:00,1,12
style.css,199,css,8a698d94,cedjj,2025-10-31,14:42:49,-07:00,2025-10-31T14:42:49-07:00,1,41
style.css,200,css,8a698d94,cedjj,2025-10-31,14:42:49,-07:00,2025-10-31T14:42:49-07:00,1,17
style.css,201,css,8a698d94,cedjj,2025-10-31,14:42:49,-07:00,2025-10-31T14:42:49-07:00,1,6
style.css,202,css,8a698d94,cedjj,2025-10-31,14:42:49,-07:00,2025-10-31T14:42:49-07:00,0,0
style.css,203,css,8a698d94,cedjj,2025-10-31,14:42:49,-07:00,2025-10-31T14:42:49-07:00,0,0
style.css,204,css,8a698d94,cedjj,2025-10-31,14:42:49,-07:00,2025-10-31T14:42:49-07:00,0,12
style.css,205,css,8a698d94,cedjj,2025-10-31,14:42:49,-07:00,2025-10-31T14:42:49-07:00,1,12
style.css,206,css,8a698d94,cedjj,2025-10-31,14:42:49,-07:00,2025-10-31T14:42:49-07:00,1,18
style.css,207,css,8a698d94,cedjj,2025-10-31,14:42:49,-07:00,2025-10-31T14:42:49-07:00,1,10
style.css,208,css,8a698d94,cedjj,2025-10-31,14:42:49,-07:00,2025-10-31T14:42:49-07:00,0,0
style.css,209,css,8a698d94,cedjj,2025-10-31,14:42:49,-07:00,2025-10-31T14:42:49-07:00,0,0
style.css,210,css,8a698d94,cedjj,2025-10-31,14:42:49,-07:00,2025-10-31T14:42:49-07:00,0,7
style.css,211,css,8a698d94,cedjj,2025-10-31,14:42:49,-07:00,2025-10-31T14:42:49-07:00,1,10
style.css,212,css,8a698d94,cedjj,2025-10-31,14:42:49,-07:00,2025-10-31T14:42:49-07:00,1,11
style.css,213,css,8a698d94,cedjj,2025-10-31,14:42:49,-07:00,2025-10-31T14:42:49-07:00,1,18
style.css,214,css,8a698d94,cedjj,2025-10-31,14:42:49,-07:00,2025-10-31T14:42:49-07:00,1,29
style.css,215,css,8a698d94,cedjj,2025-10-31,14:42:49,-07:00,2025-10-31T14:42:49-07:00,1,17
style.css,216,css,8a698d94,cedjj,2025-10-31,14:42:49,-07:00,2025-10-31T14:42:49-07:00,1,20
style.css,217,css,8a698d94,cedjj,2025-10-31,14:42:49,-07:00,2025-10-31T14:42:49-07:00,1,13
style.css,218,css,8a698d94,cedjj,2025-10-31,14:42:49,-07:00,2025-10-31T14:42:49-07:00,0,0
style.css,219,css,8a698d94,cedjj,2025-10-31,14:42:49,-07:00,2025-10-31T14:42:49-07:00,0,0
style.css,220,css,8a698d94,cedjj,2025-10-31,14:42:49,-07:00,2025-10-31T14:42:49-07:00,0,10
style.css,221,css,8a698d94,cedjj,2025-10-31,14:42:49,-07:00,2025-10-31T14:42:49-07:00,1,12
style.css,222,css,8a698d94,cedjj,2025-10-31,14:42:49,-07:00,2025-10-31T14:42:49-07:00,1,7
style.css,223,css,8a698d94,cedjj,2025-10-31,14:42:49,-07:00,2025-10-31T14:42:49-07:00,1,18
style.css,224,css,8a698d94,cedjj,2025-10-31,14:42:49,-07:00,2025-10-31T14:42:49-07:00,1,22
style.css,225,css,8a698d94,cedjj,2025-10-31,14:42:49,-07:00,2025-10-31T14:42:49-07:00,0,0
style.css,226,css,8a698d94,cedjj,2025-10-31,14:42:49,-07:00,2025-10-31T14:42:49-07:00,0,0
style.css,227,css,8a698d94,cedjj,2025-10-31,14:42:49,-07:00,2025-10-31T14:42:49-07:00,0,17
style.css,228,css,8a698d94,cedjj,2025-10-31,14:42:49,-07:00,2025-10-31T14:42:49-07:00,1,16
style.css,229,css,8a698d94,cedjj,2025-10-31,14:42:49,-07:00,2025-10-31T14:42:49-07:00,2,11
style.css,230,css,8a698d94,cedjj,2025-10-31,14:42:49,-07:00,2025-10-31T14:42:49-07:00,1,0
style.css,231,css,8a698d94,cedjj,2025-10-31,14:42:49,-07:00,2025-10-31T14:42:49-07:00,0,0
style.css,232,css,8a698d94,cedjj,2025-10-31,14:42:49,-07:00,2025-10-31T14:42:49-07:00,0,4
style.css,233,css,8a698d94,cedjj,2025-10-31,14:42:49,-07:00,2025-10-31T14:42:49-07:00,1,16
style.css,234,css,8a698d94,cedjj,2025-10-31,14:42:49,-07:00,2025-10-31T14:42:49-07:00,1,14
style.css,235,css,8a698d94,cedjj,2025-10-31,14:42:49,-07:00,2025-10-31T14:42:49-07:00,0,0
style.css,236,css,8a698d94,cedjj,2025-10-31,14:42:49,-07:00,2025-10-31T14:42:49-07:00,0,9
style.css,237,css,8a698d94,cedjj,2025-10-31,14:42:49,-07:00,2025-10-31T14:42:49-07:00,1,35
style.css,238,css,8a698d94,cedjj,2025-10-31,14:42:49,-07:00,2025-10-31T14:42:49-07:00,0,0
style.css,239,css,8a698d94,cedjj,2025-10-31,14:42:49,-07:00,2025-10-31T14:42:49-07:00,1,10
style.css,240,css,8a698d94,cedjj,2025-10-31,14:42:49,-07:00,2025-10-31T14:42:49-07:00,2,17
style.css,241,css,8a698d94,cedjj,2025-10-31,14:42:49,-07:00,2025-10-31T14:42:49-07:00,1,0
style.css,242,css,92741501,cedjj,2025-10-25,16:57:38,-07:00,2025-10-25T16:57:38-07:00,0,0
index.js,1,js,92741501,cedjj,2025-10-25,16:57:38,-07:00,2025-10-25T16:57:38-07:00,0,70
index.js,2,js,887f39cd,cedjj,2025-10-25,00:51:15,-07:00,2025-10-25T00:51:15-07:00,0,0
index.js,3,js,887f39cd,cedjj,2025-10-25,00:51:15,-07:00,2025-10-25T00:51:15-07:00,0,54
index.js,4,js,887f39cd,cedjj,2025-10-25,00:51:15,-07:00,2025-10-25T00:51:15-07:00,0,42
index.js,5,js,887f39cd,cedjj,2025-10-25,00:51:15,-07:00,2025-10-25T00:51:15-07:00,0,60
index.js,6,js,887f39cd,cedjj,2025-10-25,00:51:15,-07:00,2025-10-25T00:51:15-07:00,0,0
index.js,7,js,92741501,cedjj,2025-10-25,16:57:38,-07:00,2025-10-25T16:57:38-07:00,0,54
index.js,8,js,92741501,cedjj,2025-10-25,16:57:38,-07:00,2025-10-25T16:57:38-07:00,0,0
index.js,9,js,92741501,cedjj,2025-10-25,16:57:38,-07:00,2025-10-25T16:57:38-07:00,0,48
index.js,10,js,92741501,cedjj,2025-10-25,16:57:38,-07:00,2025-10-25T16:57:38-07:00,0,60
index.js,11,js,92741501,cedjj,2025-10-25,16:57:38,-07:00,2025-10-25T16:57:38-07:00,0,0
index.js,12,js,92741501,cedjj,2025-10-25,16:57:38,-07:00,2025-10-25T16:57:38-07:00,0,17
index.js,13,js,92741501,cedjj,2025-10-25,16:57:38,-07:00,2025-10-25T16:57:38-07:00,1,24
index.js,14,js,92741501,cedjj,2025-10-25,16:57:38,-07:00,2025-10-25T16:57:38-07:00,4,2
index.js,15,js,92741501,cedjj,2025-10-25,16:57:38,-07:00,2025-10-25T16:57:38-07:00,5,55
index.js,16,js,92741501,cedjj,2025-10-25,16:57:38,-07:00,2025-10-25T16:57:38-07:00,5,55
index.js,17,js,92741501,cedjj,2025-10-25,16:57:38,-07:00,2025-10-25T16:57:38-07:00,5,49
index.js,18,js,92741501,cedjj,2025-10-25,16:57:38,-07:00,2025-10-25T16:57:38-07:00,5,49
index.js,19,js,92741501,cedjj,2025-10-25,16:57:38,-07:00,2025-10-25T16:57:38-07:00,4,3
index.js,20,js,92741501,cedjj,2025-10-25,16:57:38,-07:00,2025-10-25T16:57:38-07:00,2,0
index.js,21,js,92741501,cedjj,2025-10-25,16:57:38,-07:00,2025-10-25T16:57:38-07:00,0,0
index.html,1,html,215f0dee,cedjj,2025-09-28,14:53:16,-07:00,2025-09-28T14:53:16-07:00,0,13
index.html,2,html,215f0dee,cedjj,2025-09-28,14:53:16,-07:00,2025-09-28T14:53:16-07:00,0,14
index.html,3,html,215f0dee,cedjj,2025-09-28,14:53:16,-07:00,2025-09-28T14:53:16-07:00,0,4
index.html,4,html,215f0dee,cedjj,2025-09-28,14:53:16,-07:00,2025-09-28T14:53:16-07:00,2,20
index.html,5,html,215f0dee,cedjj,2025-09-28,14:53:16,-07:00,2025-09-28T14:53:16-07:00,2,68
index.html,6,html,215f0dee,cedjj,2025-09-28,14:53:16,-07:00,2025-09-28T14:53:16-07:00,2,53
index.html,7,html,9f951291,cedjj,2025-09-28,18:50:10,-07:00,2025-09-28T18:50:10-07:00,2,38
index.html,8,html,413617f0,cedjj,2025-10-15,20:24:34,-07:00,2025-10-15T20:24:34-07:00,2,45
index.html,9,html,215f0dee,cedjj,2025-09-28,14:53:16,-07:00,2025-09-28T14:53:16-07:00,0,5
index.html,10,html,54ba4f45,cedjj,2025-09-28,22:36:25,-07:00,2025-09-28T22:36:25-07:00,0,0
index.html,11,html,215f0dee,cedjj,2025-09-28,14:53:16,-07:00,2025-09-28T14:53:16-07:00,0,4
index.html,12,html,9f951291,cedjj,2025-09-28,18:50:10,-07:00,2025-09-28T18:50:10-07:00,2,18
index.html,13,html,f72c8e29,cedjj,2025-10-08,20:46:22,-07:00,2025-10-08T20:46:22-07:00,2,153
index.html,14,html,f72c8e29,cedjj,2025-10-08,20:46:22,-07:00,2025-10-08T20:46:22-07:00,2,109
index.html,15,html,887f39cd,cedjj,2025-10-25,00:51:15,-07:00,2025-10-25T00:51:15-07:00,0,0
index.html,16,html,887f39cd,cedjj,2025-10-25,00:51:15,-07:00,2025-10-25T00:51:15-07:00,2,22
index.html,17,html,887f39cd,cedjj,2025-10-25,00:51:15,-07:00,2025-10-25T00:51:15-07:00,2,26
index.html,18,html,92741501,cedjj,2025-10-25,16:57:38,-07:00,2025-10-25T16:57:38-07:00,0,0
index.html,19,html,92741501,cedjj,2025-10-25,16:57:38,-07:00,2025-10-25T16:57:38-07:00,2,27
index.html,20,html,92741501,cedjj,2025-10-25,16:57:38,-07:00,2025-10-25T16:57:38-07:00,2,28
index.html,21,html,887f39cd,cedjj,2025-10-25,00:51:15,-07:00,2025-10-25T00:51:15-07:00,2,50
index.html,22,html,215f0dee,cedjj,2025-09-28,14:53:16,-07:00,2025-09-28T14:53:16-07:00,0,5
index.html,23,html,54ba4f45,cedjj,2025-09-28,22:36:25,-07:00,2025-09-28T22:36:25-07:00,0,0
index.html,24,html,887f39cd,cedjj,2025-10-25,00:51:15,-07:00,2025-10-25T00:51:15-07:00,0,0
index.html,25,html,215f0dee,cedjj,2025-09-28,14:53:16,-07:00,2025-09-28T14:53:16-07:00,0,5
global.js,1,js,413617f0,cedjj,2025-10-15,20:24:34,-07:00,2025-10-15T20:24:34-07:00,0,25
global.js,2,js,413617f0,cedjj,2025-10-15,20:24:34,-07:00,2025-10-15T20:24:34-07:00,0,0
global.js,3,js,413617f0,cedjj,2025-10-15,20:24:34,-07:00,2025-10-15T20:24:34-07:00,0,41
global.js,4,js,413617f0,cedjj,2025-10-15,20:24:34,-07:00,2025-10-15T20:24:34-07:00,1,52
global.js,5,js,413617f0,cedjj,2025-10-15,20:24:34,-07:00,2025-10-15T20:24:34-07:00,0,0
global.js,6,js,413617f0,cedjj,2025-10-15,20:24:34,-07:00,2025-10-15T20:24:34-07:00,0,0
global.js,7,js,413617f0,cedjj,2025-10-15,20:24:34,-07:00,2025-10-15T20:24:34-07:00,0,88
global.js,8,js,413617f0,cedjj,2025-10-15,20:24:34,-07:00,2025-10-15T20:24:34-07:00,1,36
global.js,9,js,413617f0,cedjj,2025-10-15,20:24:34,-07:00,2025-10-15T20:24:34-07:00,1,48
global.js,10,js,413617f0,cedjj,2025-10-15,20:24:34,-07:00,2025-10-15T20:24:34-07:00,0,0
global.js,11,js,413617f0,cedjj,2025-10-15,20:24:34,-07:00,2025-10-15T20:24:34-07:00,0,11
global.js,12,js,413617f0,cedjj,2025-10-15,20:24:34,-07:00,2025-10-15T20:24:34-07:00,1,35
global.js,13,js,413617f0,cedjj,2025-10-15,20:24:34,-07:00,2025-10-15T20:24:34-07:00,1,35
global.js,14,js,887f39cd,cedjj,2025-10-25,00:51:15,-07:00,2025-10-25T00:51:15-07:00,1,37
global.js,15,js,413617f0,cedjj,2025-10-15,20:24:34,-07:00,2025-10-15T20:24:34-07:00,1,33
global.js,16,js,8dd72e97,cedjj,2025-11-07,13:23:09,-08:00,2025-11-07T13:23:09-08:00,1,29
global.js,17,js,413617f0,cedjj,2025-10-15,20:24:34,-07:00,2025-10-15T20:24:34-07:00,1,57
global.js,18,js,413617f0,cedjj,2025-10-15,20:24:34,-07:00,2025-10-15T20:24:34-07:00,0,0
global.js,19,js,413617f0,cedjj,2025-10-15,20:24:34,-07:00,2025-10-15T20:24:34-07:00,0,0
global.js,20,js,413617f0,cedjj,2025-10-15,20:24:34,-07:00,2025-10-15T20:24:34-07:00,0,38
global.js,21,js,413617f0,cedjj,2025-10-15,20:24:34,-07:00,2025-10-15T20:24:34-07:00,0,25
global.js,22,js,413617f0,cedjj,2025-10-15,20:24:34,-07:00,2025-10-15T20:24:34-07:00,0,0
global.js,23,js,413617f0,cedjj,2025-10-15,20:24:34,-07:00,2025-10-15T20:24:34-07:00,0,20
global.js,24,js,413617f0,cedjj,2025-10-15,20:24:34,-07:00,2025-10-15T20:24:34-07:00,2,14
global.js,25,js,413617f0,cedjj,2025-10-15,20:24:34,-07:00,2025-10-15T20:24:34-07:00,2,18
global.js,26,js,413617f0,cedjj,2025-10-15,20:24:34,-07:00,2025-10-15T20:24:34-07:00,0,0
global.js,27,js,413617f0,cedjj,2025-10-15,20:24:34,-07:00,2025-10-15T20:24:34-07:00,2,52
global.js,28,js,413617f0,cedjj,2025-10-15,20:24:34,-07:00,2025-10-15T20:24:34-07:00,0,0
global.js,29,js,413617f0,cedjj,2025-10-15,20:24:34,-07:00,2025-10-15T20:24:34-07:00,2,34
global.js,30,js,413617f0,cedjj,2025-10-15,20:24:34,-07:00,2025-10-15T20:24:34-07:00,2,11
global.js,31,js,413617f0,cedjj,2025-10-15,20:24:34,-07:00,2025-10-15T20:24:34-07:00,2,20
global.js,32,js,413617f0,cedjj,2025-10-15,20:24:34,-07:00,2025-10-15T20:24:34-07:00,0,0
global.js,33,js,413617f0,cedjj,2025-10-15,20:24:34,-07:00,2025-10-15T20:24:34-07:00,2,17
global.js,34,js,413617f0,cedjj,2025-10-15,20:24:34,-07:00,2025-10-15T20:24:34-07:00,2,8
global.js,35,js,413617f0,cedjj,2025-10-15,20:24:34,-07:00,2025-10-15T20:24:34-07:00,2,59
global.js,36,js,413617f0,cedjj,2025-10-15,20:24:34,-07:00,2025-10-15T20:24:34-07:00,2,0
global.js,37,js,413617f0,cedjj,2025-10-15,20:24:34,-07:00,2025-10-15T20:24:34-07:00,0,0
global.js,38,js,413617f0,cedjj,2025-10-15,20:24:34,-07:00,2025-10-15T20:24:34-07:00,2,29
global.js,39,js,413617f0,cedjj,2025-10-15,20:24:34,-07:00,2025-10-15T20:24:34-07:00,4,18
global.js,40,js,413617f0,cedjj,2025-10-15,20:24:34,-07:00,2025-10-15T20:24:34-07:00,2,0
global.js,41,js,413617f0,cedjj,2025-10-15,20:24:34,-07:00,2025-10-15T20:24:34-07:00,0,0
global.js,42,js,413617f0,cedjj,2025-10-15,20:24:34,-07:00,2025-10-15T20:24:34-07:00,2,12
global.js,43,js,413617f0,cedjj,2025-10-15,20:24:34,-07:00,2025-10-15T20:24:34-07:00,0,0
global.js,44,js,413617f0,cedjj,2025-10-15,20:24:34,-07:00,2025-10-15T20:24:34-07:00,0,0
global.js,45,js,413617f0,cedjj,2025-10-15,20:24:34,-07:00,2025-10-15T20:24:34-07:00,0,27
global.js,46,js,413617f0,cedjj,2025-10-15,20:24:34,-07:00,2025-10-15T20:24:34-07:00,1,62
global.js,47,js,413617f0,cedjj,2025-10-15,20:24:34,-07:00,2025-10-15T20:24:34-07:00,2,12
global.js,48,js,413617f0,cedjj,2025-10-15,20:24:34,-07:00,2025-10-15T20:24:34-07:00,1,6
global.js,49,js,413617f0,cedjj,2025-10-15,20:24:34,-07:00,2025-10-15T20:24:34-07:00,2,13
global.js,50,js,413617f0,cedjj,2025-10-15,20:24:34,-07:00,2025-10-15T20:24:34-07:00,1,0
global.js,51,js,413617f0,cedjj,2025-10-15,20:24:34,-07:00,2025-10-15T20:24:34-07:00,0,0
global.js,52,js,413617f0,cedjj,2025-10-15,20:24:34,-07:00,2025-10-15T20:24:34-07:00,0,0
global.js,53,js,413617f0,cedjj,2025-10-15,20:24:34,-07:00,2025-10-15T20:24:34-07:00,0,31
global.js,54,js,413617f0,cedjj,2025-10-15,20:24:34,-07:00,2025-10-15T20:24:34-07:00,1,11
global.js,55,js,413617f0,cedjj,2025-10-15,20:24:34,-07:00,2025-10-15T20:24:34-07:00,1,0
global.js,56,js,413617f0,cedjj,2025-10-15,20:24:34,-07:00,2025-10-15T20:24:34-07:00,0,26
global.js,57,js,413617f0,cedjj,2025-10-15,20:24:34,-07:00,2025-10-15T20:24:34-07:00,4,19
global.js,58,js,413617f0,cedjj,2025-10-15,20:24:34,-07:00,2025-10-15T20:24:34-07:00,6,62
global.js,59,js,413617f0,cedjj,2025-10-15,20:24:34,-07:00,2025-10-15T20:24:34-07:00,6,34
global.js,60,js,413617f0,cedjj,2025-10-15,20:24:34,-07:00,2025-10-15T20:24:34-07:00,6,32
global.js,61,js,413617f0,cedjj,2025-10-15,20:24:34,-07:00,2025-10-15T20:24:34-07:00,4,7
global.js,62,js,413617f0,cedjj,2025-10-15,20:24:34,-07:00,2025-10-15T20:24:34-07:00,2,8
global.js,63,js,413617f0,cedjj,2025-10-15,20:24:34,-07:00,2025-10-15T20:24:34-07:00,0,0
global.js,64,js,413617f0,cedjj,2025-10-15,20:24:34,-07:00,2025-10-15T20:24:34-07:00,0,0
global.js,65,js,413617f0,cedjj,2025-10-15,20:24:34,-07:00,2025-10-15T20:24:34-07:00,0,60
global.js,66,js,413617f0,cedjj,2025-10-15,20:24:34,-07:00,2025-10-15T20:24:34-07:00,0,0
global.js,67,js,413617f0,cedjj,2025-10-15,20:24:34,-07:00,2025-10-15T20:24:34-07:00,0,36
global.js,68,js,413617f0,cedjj,2025-10-15,20:24:34,-07:00,2025-10-15T20:24:34-07:00,2,70
global.js,69,js,413617f0,cedjj,2025-10-15,20:24:34,-07:00,2025-10-15T20:24:34-07:00,2,25
global.js,70,js,413617f0,cedjj,2025-10-15,20:24:34,-07:00,2025-10-15T20:24:34-07:00,2,37
global.js,71,js,413617f0,cedjj,2025-10-15,20:24:34,-07:00,2025-10-15T20:24:34-07:00,0,0
global.js,72,js,413617f0,cedjj,2025-10-15,20:24:34,-07:00,2025-10-15T20:24:34-07:00,0,0
global.js,73,js,413617f0,cedjj,2025-10-15,20:24:34,-07:00,2025-10-15T20:24:34-07:00,0,34
global.js,74,js,413617f0,cedjj,2025-10-15,20:24:34,-07:00,2025-10-15T20:24:34-07:00,2,39
global.js,75,js,413617f0,cedjj,2025-10-15,20:24:34,-07:00,2025-10-15T20:24:34-07:00,0,0
global.js,76,js,413617f0,cedjj,2025-10-15,20:24:34,-07:00,2025-10-15T20:24:34-07:00,0,0
global.js,77,js,413617f0,cedjj,2025-10-15,20:24:34,-07:00,2025-10-15T20:24:34-07:00,0,49
global.js,78,js,413617f0,cedjj,2025-10-15,20:24:34,-07:00,2025-10-15T20:24:34-07:00,1,57
global.js,79,js,413617f0,cedjj,2025-10-15,20:24:34,-07:00,2025-10-15T20:24:34-07:00,1,32
global.js,80,js,413617f0,cedjj,2025-10-15,20:24:34,-07:00,2025-10-15T20:24:34-07:00,0,1
global.js,81,js,413617f0,cedjj,2025-10-15,20:24:34,-07:00,2025-10-15T20:24:34-07:00,0,0
global.js,82,js,413617f0,cedjj,2025-10-15,20:24:34,-07:00,2025-10-15T20:24:34-07:00,0,42
global.js,83,js,413617f0,cedjj,2025-10-15,20:24:34,-07:00,2025-10-15T20:24:34-07:00,0,48
global.js,84,js,413617f0,cedjj,2025-10-15,20:24:34,-07:00,2025-10-15T20:24:34-07:00,2,21
global.js,85,js,413617f0,cedjj,2025-10-15,20:24:34,-07:00,2025-10-15T20:24:34-07:00,1,0
global.js,86,js,413617f0,cedjj,2025-10-15,20:24:34,-07:00,2025-10-15T20:24:34-07:00,2,30
global.js,87,js,413617f0,cedjj,2025-10-15,20:24:34,-07:00,2025-10-15T20:24:34-07:00,0,0
global.js,88,js,413617f0,cedjj,2025-10-15,20:24:34,-07:00,2025-10-15T20:24:34-07:00,2,34
global.js,89,js,413617f0,cedjj,2025-10-15,20:24:34,-07:00,2025-10-15T20:24:34-07:00,2,0
global.js,90,js,413617f0,cedjj,2025-10-15,20:24:34,-07:00,2025-10-15T20:24:34-07:00,2,31
global.js,91,js,413617f0,cedjj,2025-10-15,20:24:34,-07:00,2025-10-15T20:24:34-07:00,4,50
global.js,92,js,413617f0,cedjj,2025-10-15,20:24:34,-07:00,2025-10-15T20:24:34-07:00,4,43
global.js,93,js,413617f0,cedjj,2025-10-15,20:24:34,-07:00,2025-10-15T20:24:34-07:00,2,0
global.js,94,js,413617f0,cedjj,2025-10-15,20:24:34,-07:00,2025-10-15T20:24:34-07:00,1,0
global.js,95,js,413617f0,cedjj,2025-10-15,20:24:34,-07:00,2025-10-15T20:24:34-07:00,2,21
global.js,96,js,413617f0,cedjj,2025-10-15,20:24:34,-07:00,2025-10-15T20:24:34-07:00,0,0
global.js,97,js,413617f0,cedjj,2025-10-15,20:24:34,-07:00,2025-10-15T20:24:34-07:00,2,18
global.js,98,js,413617f0,cedjj,2025-10-15,20:24:34,-07:00,2025-10-15T20:24:34-07:00,0,1
global.js,99,js,413617f0,cedjj,2025-10-15,20:24:34,-07:00,2025-10-15T20:24:34-07:00,0,0
global.js,100,js,887f39cd,cedjj,2025-10-25,00:51:15,-07:00,2025-10-25T00:51:15-07:00,0,36
global.js,101,js,887f39cd,cedjj,2025-10-25,00:51:15,-07:00,2025-10-25T00:51:15-07:00,1,3
global.js,102,js,887f39cd,cedjj,2025-10-25,00:51:15,-07:00,2025-10-25T00:51:15-07:00,2,39
global.js,103,js,887f39cd,cedjj,2025-10-25,00:51:15,-07:00,2025-10-25T00:51:15-07:00,2,32
global.js,104,js,887f39cd,cedjj,2025-10-25,00:51:15,-07:00,2025-10-25T00:51:15-07:00,2,17
global.js,105,js,887f39cd,cedjj,2025-10-25,00:51:15,-07:00,2025-10-25T00:51:15-07:00,3,66
global.js,106,js,887f39cd,cedjj,2025-10-25,00:51:15,-07:00,2025-10-25T00:51:15-07:00,2,0
global.js,107,js,887f39cd,cedjj,2025-10-25,00:51:15,-07:00,2025-10-25T00:51:15-07:00,2,33
global.js,108,js,887f39cd,cedjj,2025-10-25,00:51:15,-07:00,2025-10-25T00:51:15-07:00,2,10
global.js,109,js,887f39cd,cedjj,2025-10-25,00:51:15,-07:00,2025-10-25T00:51:15-07:00,1,15
global.js,110,js,887f39cd,cedjj,2025-10-25,00:51:15,-07:00,2025-10-25T00:51:15-07:00,2,59
global.js,111,js,887f39cd,cedjj,2025-10-25,00:51:15,-07:00,2025-10-25T00:51:15-07:00,2,8
global.js,112,js,887f39cd,cedjj,2025-10-25,00:51:15,-07:00,2025-10-25T00:51:15-07:00,1,0
global.js,113,js,887f39cd,cedjj,2025-10-25,00:51:15,-07:00,2025-10-25T00:51:15-07:00,0,0
global.js,114,js,413617f0,cedjj,2025-10-15,20:24:34,-07:00,2025-10-15T20:24:34-07:00,0,0
global.js,115,js,887f39cd,cedjj,2025-10-25,00:51:15,-07:00,2025-10-25T00:51:15-07:00,0,78
global.js,116,js,887f39cd,cedjj,2025-10-25,00:51:15,-07:00,2025-10-25T00:51:15-07:00,1,30
global.js,117,js,92741501,cedjj,2025-10-25,16:57:38,-07:00,2025-10-25T16:57:38-07:00,0,0
global.js,118,js,887f39cd,cedjj,2025-10-25,00:51:15,-07:00,2025-10-25T00:51:15-07:00,1,23
global.js,119,js,887f39cd,cedjj,2025-10-25,00:51:15,-07:00,2025-10-25T00:51:15-07:00,1,48
global.js,120,js,5af0f1af,cedjj,2025-10-25,17:26:45,-07:00,2025-10-25T17:26:45-07:00,0,0
global.js,121,js,5af0f1af,cedjj,2025-10-25,17:26:45,-07:00,2025-10-25T17:26:45-07:00,1,75
global.js,122,js,5af0f1af,cedjj,2025-10-25,17:26:45,-07:00,2025-10-25T17:26:45-07:00,1,54
global.js,123,js,5af0f1af,cedjj,2025-10-25,17:26:45,-07:00,2025-10-25T17:26:45-07:00,0,0
global.js,124,js,5af0f1af,cedjj,2025-10-25,17:26:45,-07:00,2025-10-25T17:26:45-07:00,1,88
global.js,125,js,5af0f1af,cedjj,2025-10-25,17:26:45,-07:00,2025-10-25T17:26:45-07:00,2,16
global.js,126,js,5af0f1af,cedjj,2025-10-25,17:26:45,-07:00,2025-10-25T17:26:45-07:00,2,9
global.js,127,js,92741501,cedjj,2025-10-25,16:57:38,-07:00,2025-10-25T16:57:38-07:00,0,0
global.js,128,js,887f39cd,cedjj,2025-10-25,00:51:15,-07:00,2025-10-25T00:51:15-07:00,1,19
global.js,129,js,887f39cd,cedjj,2025-10-25,00:51:15,-07:00,2025-10-25T00:51:15-07:00,2,46
global.js,130,js,92741501,cedjj,2025-10-25,16:57:38,-07:00,2025-10-25T16:57:38-07:00,2,99
global.js,131,js,8a698d94,cedjj,2025-10-31,14:42:49,-07:00,2025-10-31T14:42:49-07:00,2,3
global.js,132,js,8a698d94,cedjj,2025-10-31,14:42:49,-07:00,2025-10-31T14:42:49-07:00,3,24
global.js,133,js,8a698d94,cedjj,2025-10-31,14:42:49,-07:00,2025-10-31T14:42:49-07:00,3,89
global.js,134,js,8a698d94,cedjj,2025-10-31,14:42:49,-07:00,2025-10-31T14:42:49-07:00,2,4
global.js,135,js,887f39cd,cedjj,2025-10-25,00:51:15,-07:00,2025-10-25T00:51:15-07:00,1,0
global.js,136,js,887f39cd,cedjj,2025-10-25,00:51:15,-07:00,2025-10-25T00:51:15-07:00,1,36
global.js,137,js,8a698d94,cedjj,2025-10-31,14:42:49,-07:00,2025-10-31T14:42:49-07:00,0,0
global.js,138,js,887f39cd,cedjj,2025-10-25,00:51:15,-07:00,2025-10-25T00:51:15-07:00,1,1
global.js,139,js,887f39cd,cedjj,2025-10-25,00:51:15,-07:00,2025-10-25T00:51:15-07:00,0,0
global.js,140,js,413617f0,cedjj,2025-10-15,20:24:34,-07:00,2025-10-15T20:24:34-07:00,0,0
global.js,141,js,92741501,cedjj,2025-10-25,16:57:38,-07:00,2025-10-25T16:57:38-07:00,0,47
global.js,142,js,92741501,cedjj,2025-10-25,16:57:38,-07:00,2025-10-25T16:57:38-07:00,1,59
global.js,143,js,92741501,cedjj,2025-10-25,16:57:38,-07:00,2025-10-25T16:57:38-07:00,0,0
resume\index.html,1,html,c6c0f9f5,cedjj,2025-09-28,19:45:58,-07:00,2025-09-28T19:45:58-07:00,0,13
resume\index.html,2,html,c6c0f9f5,cedjj,2025-09-28,19:45:58,-07:00,2025-09-28T19:45:58-07:00,0,14
resume\index.html,3,html,c6c0f9f5,cedjj,2025-09-28,19:45:58,-07:00,2025-09-28T19:45:58-07:00,0,4
resume\index.html,4,html,c6c0f9f5,cedjj,2025-09-28,19:45:58,-07:00,2025-09-28T19:45:58-07:00,2,20
resume\index.html,5,html,c6c0f9f5,cedjj,2025-09-28,19:45:58,-07:00,2025-09-28T19:45:58-07:00,2,68
resume\index.html,6,html,c6c0f9f5,cedjj,2025-09-28,19:45:58,-07:00,2025-09-28T19:45:58-07:00,2,19
resume\index.html,7,html,f72c8e29,cedjj,2025-10-08,20:46:22,-07:00,2025-10-08T20:46:22-07:00,2,41
resume\index.html,8,html,413617f0,cedjj,2025-10-15,20:24:34,-07:00,2025-10-15T20:24:34-07:00,2,48
resume\index.html,9,html,c6c0f9f5,cedjj,2025-09-28,19:45:58,-07:00,2025-09-28T19:45:58-07:00,0,5
resume\index.html,10,html,c6c0f9f5,cedjj,2025-09-28,19:45:58,-07:00,2025-09-28T19:45:58-07:00,0,0
resume\index.html,11,html,c6c0f9f5,cedjj,2025-09-28,19:45:58,-07:00,2025-09-28T19:45:58-07:00,0,4
resume\index.html,12,html,413617f0,cedjj,2025-10-15,20:24:34,-07:00,2025-10-15T20:24:34-07:00,0,0
resume\index.html,13,html,c6c0f9f5,cedjj,2025-09-28,19:45:58,-07:00,2025-09-28T19:45:58-07:00,2,22
resume\index.html,14,html,c6c0f9f5,cedjj,2025-09-28,19:45:58,-07:00,2025-09-28T19:45:58-07:00,4,13
resume\index.html,15,html,f72c8e29,cedjj,2025-10-08,20:46:22,-07:00,2025-10-08T20:46:22-07:00,0,0
resume\index.html,16,html,c6c0f9f5,cedjj,2025-09-28,19:45:58,-07:00,2025-09-28T19:45:58-07:00,4,23
resume\index.html,17,html,f72c8e29,cedjj,2025-10-08,20:46:22,-07:00,2025-10-08T20:46:22-07:00,0,0
resume\index.html,18,html,f72c8e29,cedjj,2025-10-08,20:46:22,-07:00,2025-10-08T20:46:22-07:00,4,15
resume\index.html,19,html,f72c8e29,cedjj,2025-10-08,20:46:22,-07:00,2025-10-08T20:46:22-07:00,4,16
resume\index.html,20,html,f72c8e29,cedjj,2025-10-08,20:46:22,-07:00,2025-10-08T20:46:22-07:00,6,23
resume\index.html,21,html,f72c8e29,cedjj,2025-10-08,20:46:22,-07:00,2025-10-08T20:46:22-07:00,6,65
resume\index.html,22,html,f72c8e29,cedjj,2025-10-08,20:46:22,-07:00,2025-10-08T20:46:22-07:00,6,21
resume\index.html,23,html,f72c8e29,cedjj,2025-10-08,20:46:22,-07:00,2025-10-08T20:46:22-07:00,8,58
resume\index.html,24,html,f72c8e29,cedjj,2025-10-08,20:46:22,-07:00,2025-10-08T20:46:22-07:00,8,3
resume\index.html,25,html,f72c8e29,cedjj,2025-10-08,20:46:22,-07:00,2025-10-08T20:46:22-07:00,10,99
resume\index.html,26,html,f72c8e29,cedjj,2025-10-08,20:46:22,-07:00,2025-10-08T20:46:22-07:00,8,4
resume\index.html,27,html,f72c8e29,cedjj,2025-10-08,20:46:22,-07:00,2025-10-08T20:46:22-07:00,8,4
resume\index.html,28,html,f72c8e29,cedjj,2025-10-08,20:46:22,-07:00,2025-10-08T20:46:22-07:00,6,4
resume\index.html,29,html,c6c0f9f5,cedjj,2025-09-28,19:45:58,-07:00,2025-09-28T19:45:58-07:00,6,2
resume\index.html,30,html,f72c8e29,cedjj,2025-10-08,20:46:22,-07:00,2025-10-08T20:46:22-07:00,8,116
resume\index.html,31,html,f72c8e29,cedjj,2025-10-08,20:46:22,-07:00,2025-10-08T20:46:22-07:00,8,101
resume\index.html,32,html,f72c8e29,cedjj,2025-10-08,20:46:22,-07:00,2025-10-08T20:46:22-07:00,8,90
resume\index.html,33,html,f72c8e29,cedjj,2025-10-08,20:46:22,-07:00,2025-10-08T20:46:22-07:00,8,95
resume\index.html,34,html,c6c0f9f5,cedjj,2025-09-28,19:45:58,-07:00,2025-09-28T19:45:58-07:00,6,3
resume\index.html,35,html,f72c8e29,cedjj,2025-10-08,20:46:22,-07:00,2025-10-08T20:46:22-07:00,4,4
resume\index.html,36,html,f72c8e29,cedjj,2025-10-08,20:46:22,-07:00,2025-10-08T20:46:22-07:00,0,0
resume\index.html,37,html,f72c8e29,cedjj,2025-10-08,20:46:22,-07:00,2025-10-08T20:46:22-07:00,4,16
resume\index.html,38,html,f72c8e29,cedjj,2025-10-08,20:46:22,-07:00,2025-10-08T20:46:22-07:00,6,23
resume\index.html,39,html,f72c8e29,cedjj,2025-10-08,20:46:22,-07:00,2025-10-08T20:46:22-07:00,6,54
resume\index.html,40,html,f72c8e29,cedjj,2025-10-08,20:46:22,-07:00,2025-10-08T20:46:22-07:00,6,53
resume\index.html,41,html,f72c8e29,cedjj,2025-10-08,20:46:22,-07:00,2025-10-08T20:46:22-07:00,6,4
resume\index.html,42,html,c6c0f9f5,cedjj,2025-09-28,19:45:58,-07:00,2025-09-28T19:45:58-07:00,6,2
resume\index.html,43,html,f72c8e29,cedjj,2025-10-08,20:46:22,-07:00,2025-10-08T20:46:22-07:00,8,79
resume\index.html,44,html,f72c8e29,cedjj,2025-10-08,20:46:22,-07:00,2025-10-08T20:46:22-07:00,8,72
resume\index.html,45,html,f72c8e29,cedjj,2025-10-08,20:46:22,-07:00,2025-10-08T20:46:22-07:00,8,93
resume\index.html,46,html,c6c0f9f5,cedjj,2025-09-28,19:45:58,-07:00,2025-09-28T19:45:58-07:00,6,3
resume\index.html,47,html,f72c8e29,cedjj,2025-10-08,20:46:22,-07:00,2025-10-08T20:46:22-07:00,4,4
resume\index.html,48,html,c6c0f9f5,cedjj,2025-09-28,19:45:58,-07:00,2025-09-28T19:45:58-07:00,0,0
resume\index.html,49,html,f72c8e29,cedjj,2025-10-08,20:46:22,-07:00,2025-10-08T20:46:22-07:00,4,16
resume\index.html,50,html,f72c8e29,cedjj,2025-10-08,20:46:22,-07:00,2025-10-08T20:46:22-07:00,6,23
resume\index.html,51,html,f72c8e29,cedjj,2025-10-08,20:46:22,-07:00,2025-10-08T20:46:22-07:00,6,60
resume\index.html,52,html,f72c8e29,cedjj,2025-10-08,20:46:22,-07:00,2025-10-08T20:46:22-07:00,6,48
resume\index.html,53,html,f72c8e29,cedjj,2025-10-08,20:46:22,-07:00,2025-10-08T20:46:22-07:00,6,4
resume\index.html,54,html,c6c0f9f5,cedjj,2025-09-28,19:45:58,-07:00,2025-09-28T19:45:58-07:00,6,2
resume\index.html,55,html,f72c8e29,cedjj,2025-10-08,20:46:22,-07:00,2025-10-08T20:46:22-07:00,6,94
resume\index.html,56,html,f72c8e29,cedjj,2025-10-08,20:46:22,-07:00,2025-10-08T20:46:22-07:00,6,89
resume\index.html,57,html,f72c8e29,cedjj,2025-10-08,20:46:22,-07:00,2025-10-08T20:46:22-07:00,6,71
resume\index.html,58,html,c6c0f9f5,cedjj,2025-09-28,19:45:58,-07:00,2025-09-28T19:45:58-07:00,6,3
resume\index.html,59,html,f72c8e29,cedjj,2025-10-08,20:46:22,-07:00,2025-10-08T20:46:22-07:00,4,4
resume\index.html,60,html,c6c0f9f5,cedjj,2025-09-28,19:45:58,-07:00,2025-09-28T19:45:58-07:00,0,0
resume\index.html,61,html,f72c8e29,cedjj,2025-10-08,20:46:22,-07:00,2025-10-08T20:46:22-07:00,4,16
resume\index.html,62,html,f72c8e29,cedjj,2025-10-08,20:46:22,-07:00,2025-10-08T20:46:22-07:00,6,23
resume\index.html,63,html,f72c8e29,cedjj,2025-10-08,20:46:22,-07:00,2025-10-08T20:46:22-07:00,6,26
resume\index.html,64,html,f72c8e29,cedjj,2025-10-08,20:46:22,-07:00,2025-10-08T20:46:22-07:00,6,48
resume\index.html,65,html,f72c8e29,cedjj,2025-10-08,20:46:22,-07:00,2025-10-08T20:46:22-07:00,6,4
resume\index.html,66,html,c6c0f9f5,cedjj,2025-09-28,19:45:58,-07:00,2025-09-28T19:45:58-07:00,6,2
resume\index.html,67,html,f72c8e29,cedjj,2025-10-08,20:46:22,-07:00,2025-10-08T20:46:22-07:00,6,85
resume\index.html,68,html,f72c8e29,cedjj,2025-10-08,20:46:22,-07:00,2025-10-08T20:46:22-07:00,6,81
resume\index.html,69,html,c6c0f9f5,cedjj,2025-09-28,19:45:58,-07:00,2025-09-28T19:45:58-07:00,6,3
resume\index.html,70,html,f72c8e29,cedjj,2025-10-08,20:46:22,-07:00,2025-10-08T20:46:22-07:00,4,4
resume\index.html,71,html,c6c0f9f5,cedjj,2025-09-28,19:45:58,-07:00,2025-09-28T19:45:58-07:00,4,8
resume\index.html,72,html,c6c0f9f5,cedjj,2025-09-28,19:45:58,-07:00,2025-09-28T19:45:58-07:00,0,0
resume\index.html,73,html,c6c0f9f5,cedjj,2025-09-28,19:45:58,-07:00,2025-09-28T19:45:58-07:00,4,23
resume\index.html,74,html,c6c0f9f5,cedjj,2025-09-28,19:45:58,-07:00,2025-09-28T19:45:58-07:00,6,16
resume\index.html,75,html,c6c0f9f5,cedjj,2025-09-28,19:45:58,-07:00,2025-09-28T19:45:58-07:00,6,42
resume\index.html,76,html,f72c8e29,cedjj,2025-10-08,20:46:22,-07:00,2025-10-08T20:46:22-07:00,6,23
resume\index.html,77,html,f72c8e29,cedjj,2025-10-08,20:46:22,-07:00,2025-10-08T20:46:22-07:00,8,82
resume\index.html,78,html,f72c8e29,cedjj,2025-10-08,20:46:22,-07:00,2025-10-08T20:46:22-07:00,8,2
resume\index.html,79,html,f72c8e29,cedjj,2025-10-08,20:46:22,-07:00,2025-10-08T20:46:22-07:00,10,17
resume\index.html,80,html,f72c8e29,cedjj,2025-10-08,20:46:22,-07:00,2025-10-08T20:46:22-07:00,10,112
resume\index.html,81,html,f72c8e29,cedjj,2025-10-08,20:46:22,-07:00,2025-10-08T20:46:22-07:00,8,3
resume\index.html,82,html,f72c8e29,cedjj,2025-10-08,20:46:22,-07:00,2025-10-08T20:46:22-07:00,6,4
resume\index.html,83,html,c6c0f9f5,cedjj,2025-09-28,19:45:58,-07:00,2025-09-28T19:45:58-07:00,4,8
resume\index.html,84,html,c6c0f9f5,cedjj,2025-09-28,19:45:58,-07:00,2025-09-28T19:45:58-07:00,0,0
resume\index.html,85,html,c6c0f9f5,cedjj,2025-09-28,19:45:58,-07:00,2025-09-28T19:45:58-07:00,4,23
resume\index.html,86,html,c6c0f9f5,cedjj,2025-09-28,19:45:58,-07:00,2025-09-28T19:45:58-07:00,6,23
resume\index.html,87,html,f72c8e29,cedjj,2025-10-08,20:46:22,-07:00,2025-10-08T20:46:22-07:00,6,18
resume\index.html,88,html,f72c8e29,cedjj,2025-10-08,20:46:22,-07:00,2025-10-08T20:46:22-07:00,8,45
resume\index.html,89,html,f72c8e29,cedjj,2025-10-08,20:46:22,-07:00,2025-10-08T20:46:22-07:00,8,59
resume\index.html,90,html,f72c8e29,cedjj,2025-10-08,20:46:22,-07:00,2025-10-08T20:46:22-07:00,8,57
resume\index.html,91,html,f72c8e29,cedjj,2025-10-08,20:46:22,-07:00,2025-10-08T20:46:22-07:00,6,4
resume\index.html,92,html,c6c0f9f5,cedjj,2025-09-28,19:45:58,-07:00,2025-09-28T19:45:58-07:00,4,8
resume\index.html,93,html,c6c0f9f5,cedjj,2025-09-28,19:45:58,-07:00,2025-09-28T19:45:58-07:00,0,0
resume\index.html,94,html,c6c0f9f5,cedjj,2025-09-28,19:45:58,-07:00,2025-09-28T19:45:58-07:00,4,23
resume\index.html,95,html,c6c0f9f5,cedjj,2025-09-28,19:45:58,-07:00,2025-09-28T19:45:58-07:00,6,17
resume\index.html,96,html,f72c8e29,cedjj,2025-10-08,20:46:22,-07:00,2025-10-08T20:46:22-07:00,6,15
resume\index.html,97,html,f72c8e29,cedjj,2025-10-08,20:46:22,-07:00,2025-10-08T20:46:22-07:00,8,49
resume\index.html,98,html,f72c8e29,cedjj,2025-10-08,20:46:22,-07:00,2025-10-08T20:46:22-07:00,8,36
resume\index.html,99,html,f72c8e29,cedjj,2025-10-08,20:46:22,-07:00,2025-10-08T20:46:22-07:00,10,2
resume\index.html,100,html,f72c8e29,cedjj,2025-10-08,20:46:22,-07:00,2025-10-08T20:46:22-07:00,12,108
resume\index.html,101,html,f72c8e29,cedjj,2025-10-08,20:46:22,-07:00,2025-10-08T20:46:22-07:00,12,14
resume\index.html,102,html,f72c8e29,cedjj,2025-10-08,20:46:22,-07:00,2025-10-08T20:46:22-07:00,12,113
resume\index.html,103,html,f72c8e29,cedjj,2025-10-08,20:46:22,-07:00,2025-10-08T20:46:22-07:00,12,9
resume\index.html,104,html,f72c8e29,cedjj,2025-10-08,20:46:22,-07:00,2025-10-08T20:46:22-07:00,12,107
resume\index.html,105,html,f72c8e29,cedjj,2025-10-08,20:46:22,-07:00,2025-10-08T20:46:22-07:00,12,77
resume\index.html,106,html,f72c8e29,cedjj,2025-10-08,20:46:22,-07:00,2025-10-08T20:46:22-07:00,10,3
resume\index.html,107,html,f72c8e29,cedjj,2025-10-08,20:46:22,-07:00,2025-10-08T20:46:22-07:00,6,4
resume\index.html,108,html,f72c8e29,cedjj,2025-10-08,20:46:22,-07:00,2025-10-08T20:46:22-07:00,6,15
resume\index.html,109,html,f72c8e29,cedjj,2025-10-08,20:46:22,-07:00,2025-10-08T20:46:22-07:00,8,45
resume\index.html,110,html,f72c8e29,cedjj,2025-10-08,20:46:22,-07:00,2025-10-08T20:46:22-07:00,8,28
resume\index.html,111,html,f72c8e29,cedjj,2025-10-08,20:46:22,-07:00,2025-10-08T20:46:22-07:00,10,2
resume\index.html,112,html,f72c8e29,cedjj,2025-10-08,20:46:22,-07:00,2025-10-08T20:46:22-07:00,12,68
resume\index.html,113,html,f72c8e29,cedjj,2025-10-08,20:46:22,-07:00,2025-10-08T20:46:22-07:00,12,91
resume\index.html,114,html,f72c8e29,cedjj,2025-10-08,20:46:22,-07:00,2025-10-08T20:46:22-07:00,10,3
resume\index.html,115,html,f72c8e29,cedjj,2025-10-08,20:46:22,-07:00,2025-10-08T20:46:22-07:00,6,4
resume\index.html,116,html,c6c0f9f5,cedjj,2025-09-28,19:45:58,-07:00,2025-09-28T19:45:58-07:00,4,8
resume\index.html,117,html,c6c0f9f5,cedjj,2025-09-28,19:45:58,-07:00,2025-09-28T19:45:58-07:00,2,8
resume\index.html,118,html,c6c0f9f5,cedjj,2025-09-28,19:45:58,-07:00,2025-09-28T19:45:58-07:00,0,5
resume\index.html,119,html,c6c0f9f5,cedjj,2025-09-28,19:45:58,-07:00,2025-09-28T19:45:58-07:00,0,5
projects\projects.js,1,js,887f39cd,cedjj,2025-10-25,00:51:15,-07:00,2025-10-25T00:51:15-07:00,0,55
projects\projects.js,2,js,8a698d94,cedjj,2025-10-31,14:42:49,-07:00,2025-10-31T14:42:49-07:00,0,63
projects\projects.js,3,js,887f39cd,cedjj,2025-10-25,00:51:15,-07:00,2025-10-25T00:51:15-07:00,0,0
projects\projects.js,4,js,887f39cd,cedjj,2025-10-25,00:51:15,-07:00,2025-10-25T00:51:15-07:00,0,55
projects\projects.js,5,js,887f39cd,cedjj,2025-10-25,00:51:15,-07:00,2025-10-25T00:51:15-07:00,0,60
projects\projects.js,6,js,887f39cd,cedjj,2025-10-25,00:51:15,-07:00,2025-10-25T00:51:15-07:00,0,61
projects\projects.js,7,js,8a698d94,cedjj,2025-10-31,14:42:49,-07:00,2025-10-31T14:42:49-07:00,0,55
projects\projects.js,8,js,887f39cd,cedjj,2025-10-25,00:51:15,-07:00,2025-10-25T00:51:15-07:00,0,0
projects\projects.js,9,js,887f39cd,cedjj,2025-10-25,00:51:15,-07:00,2025-10-25T00:51:15-07:00,0,48
projects\projects.js,10,js,887f39cd,cedjj,2025-10-25,00:51:15,-07:00,2025-10-25T00:51:15-07:00,0,0
projects\projects.js,11,js,887f39cd,cedjj,2025-10-25,00:51:15,-07:00,2025-10-25T00:51:15-07:00,0,17
projects\projects.js,12,js,887f39cd,cedjj,2025-10-25,00:51:15,-07:00,2025-10-25T00:51:15-07:00,2,55
projects\projects.js,13,js,887f39cd,cedjj,2025-10-25,00:51:15,-07:00,2025-10-25T00:51:15-07:00,0,0
projects\projects.js,14,js,8a698d94,cedjj,2025-10-31,14:42:49,-07:00,2025-10-31T14:42:49-07:00,0,0
projects\projects.js,15,js,8a698d94,cedjj,2025-10-31,14:42:49,-07:00,2025-10-31T14:42:49-07:00,0,57
projects\projects.js,16,js,8a698d94,cedjj,2025-10-31,14:42:49,-07:00,2025-10-31T14:42:49-07:00,0,21
projects\projects.js,17,js,8a698d94,cedjj,2025-10-31,14:42:49,-07:00,2025-10-31T14:42:49-07:00,0,0
projects\projects.js,18,js,8a698d94,cedjj,2025-10-31,14:42:49,-07:00,2025-10-31T14:42:49-07:00,0,22
projects\projects.js,19,js,8a698d94,cedjj,2025-10-31,14:42:49,-07:00,2025-10-31T14:42:49-07:00,0,20
projects\projects.js,20,js,8a698d94,cedjj,2025-10-31,14:42:49,-07:00,2025-10-31T14:42:49-07:00,0,0
projects\projects.js,21,js,8a698d94,cedjj,2025-10-31,14:42:49,-07:00,2025-10-31T14:42:49-07:00,0,30
projects\projects.js,22,js,8a698d94,cedjj,2025-10-31,14:42:49,-07:00,2025-10-31T14:42:49-07:00,1,35
projects\projects.js,23,js,8a698d94,cedjj,2025-10-31,14:42:49,-07:00,2025-10-31T14:42:49-07:00,2,19
projects\projects.js,24,js,8a698d94,cedjj,2025-10-31,14:42:49,-07:00,2025-10-31T14:42:49-07:00,2,106
projects\projects.js,25,js,8a698d94,cedjj,2025-10-31,14:42:49,-07:00,2025-10-31T14:42:49-07:00,2,17
projects\projects.js,26,js,8a698d94,cedjj,2025-10-31,14:42:49,-07:00,2025-10-31T14:42:49-07:00,2,53
projects\projects.js,27,js,8a698d94,cedjj,2025-10-31,14:42:49,-07:00,2025-10-31T14:42:49-07:00,2,34
projects\projects.js,28,js,8a698d94,cedjj,2025-10-31,14:42:49,-07:00,2025-10-31T14:42:49-07:00,1,1
projects\projects.js,29,js,8a698d94,cedjj,2025-10-31,14:42:49,-07:00,2025-10-31T14:42:49-07:00,0,0
projects\projects.js,30,js,8a698d94,cedjj,2025-10-31,14:42:49,-07:00,2025-10-31T14:42:49-07:00,0,0
projects\projects.js,31,js,8a698d94,cedjj,2025-10-31,14:42:49,-07:00,2025-10-31T14:42:49-07:00,0,38
projects\projects.js,32,js,8a698d94,cedjj,2025-10-31,14:42:49,-07:00,2025-10-31T14:42:49-07:00,1,40
projects\projects.js,33,js,8a698d94,cedjj,2025-10-31,14:42:49,-07:00,2025-10-31T14:42:49-07:00,1,29
projects\projects.js,34,js,8a698d94,cedjj,2025-10-31,14:42:49,-07:00,2025-10-31T14:42:49-07:00,1,43
projects\projects.js,35,js,8a698d94,cedjj,2025-10-31,14:42:49,-07:00,2025-10-31T14:42:49-07:00,1,0
projects\projects.js,36,js,8a698d94,cedjj,2025-10-31,14:42:49,-07:00,2025-10-31T14:42:49-07:00,1,29
projects\projects.js,37,js,8a698d94,cedjj,2025-10-31,14:42:49,-07:00,2025-10-31T14:42:49-07:00,2,12
projects\projects.js,38,js,8a698d94,cedjj,2025-10-31,14:42:49,-07:00,2025-10-31T14:42:49-07:00,2,14
projects\projects.js,39,js,8a698d94,cedjj,2025-10-31,14:42:49,-07:00,2025-10-31T14:42:49-07:00,2,12
projects\projects.js,40,js,8a698d94,cedjj,2025-10-31,14:42:49,-07:00,2025-10-31T14:42:49-07:00,1,0
projects\projects.js,41,js,8a698d94,cedjj,2025-10-31,14:42:49,-07:00,2025-10-31T14:42:49-07:00,1,0
projects\projects.js,42,js,8a698d94,cedjj,2025-10-31,14:42:49,-07:00,2025-10-31T14:42:49-07:00,1,50
projects\projects.js,43,js,8a698d94,cedjj,2025-10-31,14:42:49,-07:00,2025-10-31T14:42:49-07:00,2,35
projects\projects.js,44,js,8a698d94,cedjj,2025-10-31,14:42:49,-07:00,2025-10-31T14:42:49-07:00,1,1
projects\projects.js,45,js,8a698d94,cedjj,2025-10-31,14:42:49,-07:00,2025-10-31T14:42:49-07:00,1,0
projects\projects.js,46,js,8a698d94,cedjj,2025-10-31,14:42:49,-07:00,2025-10-31T14:42:49-07:00,1,53
projects\projects.js,47,js,8a698d94,cedjj,2025-10-31,14:42:49,-07:00,2025-10-31T14:42:49-07:00,1,42
projects\projects.js,48,js,8a698d94,cedjj,2025-10-31,14:42:49,-07:00,2025-10-31T14:42:49-07:00,1,51
projects\projects.js,49,js,8a698d94,cedjj,2025-10-31,14:42:49,-07:00,2025-10-31T14:42:49-07:00,1,0
projects\projects.js,50,js,8a698d94,cedjj,2025-10-31,14:42:49,-07:00,2025-10-31T14:42:49-07:00,1,47
projects\projects.js,51,js,8a698d94,cedjj,2025-10-31,14:42:49,-07:00,2025-10-31T14:42:49-07:00,1,0
projects\projects.js,52,js,8a698d94,cedjj,2025-10-31,14:42:49,-07:00,2025-10-31T14:42:49-07:00,1,27
projects\projects.js,53,js,8a698d94,cedjj,2025-10-31,14:42:49,-07:00,2025-10-31T14:42:49-07:00,2,29
projects\projects.js,54,js,8a698d94,cedjj,2025-10-31,14:42:49,-07:00,2025-10-31T14:42:49-07:00,3,13
projects\projects.js,55,js,8a698d94,cedjj,2025-10-31,14:42:49,-07:00,2025-10-31T14:42:49-07:00,3,13
projects\projects.js,56,js,8a698d94,cedjj,2025-10-31,14:42:49,-07:00,2025-10-31T14:42:49-07:00,3,22
projects\projects.js,57,js,8a698d94,cedjj,2025-10-31,14:42:49,-07:00,2025-10-31T14:42:49-07:00,3,18
projects\projects.js,58,js,8a698d94,cedjj,2025-10-31,14:42:49,-07:00,2025-10-31T14:42:49-07:00,5,43
projects\projects.js,59,js,8a698d94,cedjj,2025-10-31,14:42:49,-07:00,2025-10-31T14:42:49-07:00,5,72
projects\projects.js,60,js,8a698d94,cedjj,2025-10-31,14:42:49,-07:00,2025-10-31T14:42:49-07:00,0,0
projects\projects.js,61,js,8a698d94,cedjj,2025-10-31,14:42:49,-07:00,2025-10-31T14:42:49-07:00,5,43
projects\projects.js,62,js,8a698d94,cedjj,2025-10-31,14:42:49,-07:00,2025-10-31T14:42:49-07:00,5,56
projects\projects.js,63,js,8a698d94,cedjj,2025-10-31,14:42:49,-07:00,2025-10-31T14:42:49-07:00,5,17
projects\projects.js,64,js,8a698d94,cedjj,2025-10-31,14:42:49,-07:00,2025-10-31T14:42:49-07:00,6,63
projects\projects.js,65,js,8a698d94,cedjj,2025-10-31,14:42:49,-07:00,2025-10-31T14:42:49-07:00,5,0
projects\projects.js,66,js,8a698d94,cedjj,2025-10-31,14:42:49,-07:00,2025-10-31T14:42:49-07:00,0,0
projects\projects.js,67,js,8a698d94,cedjj,2025-10-31,14:42:49,-07:00,2025-10-31T14:42:49-07:00,5,47
projects\projects.js,68,js,8a698d94,cedjj,2025-10-31,14:42:49,-07:00,2025-10-31T14:42:49-07:00,6,47
projects\projects.js,69,js,8a698d94,cedjj,2025-10-31,14:42:49,-07:00,2025-10-31T14:42:49-07:00,5,1
projects\projects.js,70,js,8a698d94,cedjj,2025-10-31,14:42:49,-07:00,2025-10-31T14:42:49-07:00,5,48
projects\projects.js,71,js,8a698d94,cedjj,2025-10-31,14:42:49,-07:00,2025-10-31T14:42:49-07:00,6,68
projects\projects.js,72,js,8a698d94,cedjj,2025-10-31,14:42:49,-07:00,2025-10-31T14:42:49-07:00,5,1
projects\projects.js,73,js,8a698d94,cedjj,2025-10-31,14:42:49,-07:00,2025-10-31T14:42:49-07:00,3,1
projects\projects.js,74,js,8a698d94,cedjj,2025-10-31,14:42:49,-07:00,2025-10-31T14:42:49-07:00,1,1
projects\projects.js,75,js,8a698d94,cedjj,2025-10-31,14:42:49,-07:00,2025-10-31T14:42:49-07:00,1,0
projects\projects.js,76,js,8a698d94,cedjj,2025-10-31,14:42:49,-07:00,2025-10-31T14:42:49-07:00,1,32
projects\projects.js,77,js,8a698d94,cedjj,2025-10-31,14:42:49,-07:00,2025-10-31T14:42:49-07:00,1,25
projects\projects.js,78,js,8a698d94,cedjj,2025-10-31,14:42:49,-07:00,2025-10-31T14:42:49-07:00,2,4
projects\projects.js,79,js,8a698d94,cedjj,2025-10-31,14:42:49,-07:00,2025-10-31T14:42:49-07:00,3,11
projects\projects.js,80,js,8a698d94,cedjj,2025-10-31,14:42:49,-07:00,2025-10-31T14:42:49-07:00,3,36
projects\projects.js,81,js,8a698d94,cedjj,2025-10-31,14:42:49,-07:00,2025-10-31T14:42:49-07:00,3,27
projects\projects.js,82,js,8a698d94,cedjj,2025-10-31,14:42:49,-07:00,2025-10-31T14:42:49-07:00,3,68
projects\projects.js,83,js,8a698d94,cedjj,2025-10-31,14:42:49,-07:00,2025-10-31T14:42:49-07:00,3,18
projects\projects.js,84,js,8a698d94,cedjj,2025-10-31,14:42:49,-07:00,2025-10-31T14:42:49-07:00,5,43
projects\projects.js,85,js,8a698d94,cedjj,2025-10-31,14:42:49,-07:00,2025-10-31T14:42:49-07:00,5,72
projects\projects.js,86,js,8a698d94,cedjj,2025-10-31,14:42:49,-07:00,2025-10-31T14:42:49-07:00,0,0
projects\projects.js,87,js,8a698d94,cedjj,2025-10-31,14:42:49,-07:00,2025-10-31T14:42:49-07:00,5,43
projects\projects.js,88,js,8a698d94,cedjj,2025-10-31,14:42:49,-07:00,2025-10-31T14:42:49-07:00,5,56
projects\projects.js,89,js,8a698d94,cedjj,2025-10-31,14:42:49,-07:00,2025-10-31T14:42:49-07:00,5,17
projects\projects.js,90,js,8a698d94,cedjj,2025-10-31,14:42:49,-07:00,2025-10-31T14:42:49-07:00,6,63
projects\projects.js,91,js,8a698d94,cedjj,2025-10-31,14:42:49,-07:00,2025-10-31T14:42:49-07:00,5,0
projects\projects.js,92,js,8a698d94,cedjj,2025-10-31,14:42:49,-07:00,2025-10-31T14:42:49-07:00,2,0
projects\projects.js,93,js,8a698d94,cedjj,2025-10-31,14:42:49,-07:00,2025-10-31T14:42:49-07:00,5,47
projects\projects.js,94,js,8a698d94,cedjj,2025-10-31,14:42:49,-07:00,2025-10-31T14:42:49-07:00,6,47
projects\projects.js,95,js,8a698d94,cedjj,2025-10-31,14:42:49,-07:00,2025-10-31T14:42:49-07:00,5,1
projects\projects.js,96,js,8a698d94,cedjj,2025-10-31,14:42:49,-07:00,2025-10-31T14:42:49-07:00,5,48
projects\projects.js,97,js,8a698d94,cedjj,2025-10-31,14:42:49,-07:00,2025-10-31T14:42:49-07:00,6,68
projects\projects.js,98,js,8a698d94,cedjj,2025-10-31,14:42:49,-07:00,2025-10-31T14:42:49-07:00,5,1
projects\projects.js,99,js,8a698d94,cedjj,2025-10-31,14:42:49,-07:00,2025-10-31T14:42:49-07:00,3,1
projects\projects.js,100,js,8a698d94,cedjj,2025-10-31,14:42:49,-07:00,2025-10-31T14:42:49-07:00,1,1
projects\projects.js,101,js,8a698d94,cedjj,2025-10-31,14:42:49,-07:00,2025-10-31T14:42:49-07:00,0,0
projects\projects.js,102,js,8a698d94,cedjj,2025-10-31,14:42:49,-07:00,2025-10-31T14:42:49-07:00,0,0
projects\projects.js,103,js,8a698d94,cedjj,2025-10-31,14:42:49,-07:00,2025-10-31T14:42:49-07:00,0,23
projects\projects.js,104,js,8a698d94,cedjj,2025-10-31,14:42:49,-07:00,2025-10-31T14:42:49-07:00,0,0
projects\projects.js,105,js,8a698d94,cedjj,2025-10-31,14:42:49,-07:00,2025-10-31T14:42:49-07:00,0,49
projects\projects.js,106,js,8a698d94,cedjj,2025-10-31,14:42:49,-07:00,2025-10-31T14:42:49-07:00,1,32
projects\projects.js,107,js,8a698d94,cedjj,2025-10-31,14:42:49,-07:00,2025-10-31T14:42:49-07:00,0,0
projects\projects.js,108,js,8a698d94,cedjj,2025-10-31,14:42:49,-07:00,2025-10-31T14:42:49-07:00,1,31
projects\projects.js,109,js,8a698d94,cedjj,2025-10-31,14:42:49,-07:00,2025-10-31T14:42:49-07:00,2,17
projects\projects.js,110,js,8a698d94,cedjj,2025-10-31,14:42:49,-07:00,2025-10-31T14:42:49-07:00,2,18
projects\projects.js,111,js,8a698d94,cedjj,2025-10-31,14:42:49,-07:00,2025-10-31T14:42:49-07:00,1,0
projects\projects.js,112,js,8a698d94,cedjj,2025-10-31,14:42:49,-07:00,2025-10-31T14:42:49-07:00,1,43
projects\projects.js,113,js,8a698d94,cedjj,2025-10-31,14:42:49,-07:00,2025-10-31T14:42:49-07:00,1,0
projects\projects.js,114,js,8a698d94,cedjj,2025-10-31,14:42:49,-07:00,2025-10-31T14:42:49-07:00,1,56
projects\projects.js,115,js,8a698d94,cedjj,2025-10-31,14:42:49,-07:00,2025-10-31T14:42:49-07:00,1,31
projects\projects.js,116,js,8a698d94,cedjj,2025-10-31,14:42:49,-07:00,2025-10-31T14:42:49-07:00,1,0
projects\projects.js,117,js,8a698d94,cedjj,2025-10-31,14:42:49,-07:00,2025-10-31T14:42:49-07:00,1,17
projects\projects.js,118,js,8a698d94,cedjj,2025-10-31,14:42:49,-07:00,2025-10-31T14:42:49-07:00,2,63
projects\projects.js,119,js,8a698d94,cedjj,2025-10-31,14:42:49,-07:00,2025-10-31T14:42:49-07:00,1,0
projects\projects.js,120,js,8a698d94,cedjj,2025-10-31,14:42:49,-07:00,2025-10-31T14:42:49-07:00,0,1
projects\index.html,1,html,9f951291,cedjj,2025-09-28,18:50:10,-07:00,2025-09-28T18:50:10-07:00,0,13
projects\index.html,2,html,9f951291,cedjj,2025-09-28,18:50:10,-07:00,2025-09-28T18:50:10-07:00,0,14
projects\index.html,3,html,9f951291,cedjj,2025-09-28,18:50:10,-07:00,2025-09-28T18:50:10-07:00,0,4
projects\index.html,4,html,9f951291,cedjj,2025-09-28,18:50:10,-07:00,2025-09-28T18:50:10-07:00,2,20
projects\index.html,5,html,9f951291,cedjj,2025-09-28,18:50:10,-07:00,2025-09-28T18:50:10-07:00,2,68
projects\index.html,6,html,9f951291,cedjj,2025-09-28,18:50:10,-07:00,2025-09-28T18:50:10-07:00,2,21
projects\index.html,7,html,f72c8e29,cedjj,2025-10-08,20:46:22,-07:00,2025-10-08T20:46:22-07:00,2,41
projects\index.html,8,html,887f39cd,cedjj,2025-10-25,00:51:15,-07:00,2025-10-25T00:51:15-07:00,2,48
projects\index.html,9,html,9f951291,cedjj,2025-09-28,18:50:10,-07:00,2025-09-28T18:50:10-07:00,0,5
projects\index.html,10,html,9f951291,cedjj,2025-09-28,18:50:10,-07:00,2025-09-28T18:50:10-07:00,0,0
projects\index.html,11,html,9f951291,cedjj,2025-09-28,18:50:10,-07:00,2025-09-28T18:50:10-07:00,0,4
projects\index.html,12,html,413617f0,cedjj,2025-10-15,20:24:34,-07:00,2025-10-15T20:24:34-07:00,0,0
projects\index.html,13,html,887f39cd,cedjj,2025-10-25,00:51:15,-07:00,2025-10-25T00:51:15-07:00,2,41
projects\index.html,14,html,8a698d94,cedjj,2025-10-31,14:42:49,-07:00,2025-10-31T14:42:49-07:00,2,21
projects\index.html,15,html,8a698d94,cedjj,2025-10-31,14:42:49,-07:00,2025-10-31T14:42:49-07:00,4,58
projects\index.html,16,html,8a698d94,cedjj,2025-10-31,14:42:49,-07:00,2025-10-31T14:42:49-07:00,4,22
projects\index.html,17,html,8a698d94,cedjj,2025-10-31,14:42:49,-07:00,2025-10-31T14:42:49-07:00,2,4
projects\index.html,18,html,8a698d94,cedjj,2025-10-31,14:42:49,-07:00,2025-10-31T14:42:49-07:00,2,4
projects\index.html,19,html,8a698d94,cedjj,2025-10-31,14:42:49,-07:00,2025-10-31T14:42:49-07:00,2,15
projects\index.html,20,html,8a698d94,cedjj,2025-10-31,14:42:49,-07:00,2025-10-31T14:42:49-07:00,2,11
projects\index.html,21,html,8a698d94,cedjj,2025-10-31,14:42:49,-07:00,2025-10-31T14:42:49-07:00,2,26
projects\index.html,22,html,8a698d94,cedjj,2025-10-31,14:42:49,-07:00,2025-10-31T14:42:49-07:00,2,31
projects\index.html,23,html,8a698d94,cedjj,2025-10-31,14:42:49,-07:00,2025-10-31T14:42:49-07:00,2,0
projects\index.html,24,html,887f39cd,cedjj,2025-10-25,00:51:15,-07:00,2025-10-25T00:51:15-07:00,2,26
projects\index.html,25,html,8a698d94,cedjj,2025-10-31,14:42:49,-07:00,2025-10-31T14:42:49-07:00,0,0
projects\index.html,26,html,887f39cd,cedjj,2025-10-25,00:51:15,-07:00,2025-10-25T00:51:15-07:00,2,48
projects\index.html,27,html,887f39cd,cedjj,2025-10-25,00:51:15,-07:00,2025-10-25T00:51:15-07:00,2,47
projects\index.html,28,html,9f951291,cedjj,2025-09-28,18:50:10,-07:00,2025-09-28T18:50:10-07:00,0,5
projects\index.html,29,html,9f951291,cedjj,2025-09-28,18:50:10,-07:00,2025-09-28T18:50:10-07:00,0,0
projects\index.html,30,html,9f951291,cedjj,2025-09-28,18:50:10,-07:00,2025-09-28T18:50:10-07:00,0,5
meta\index.html,1,html,8dd72e97,cedjj,2025-11-07,13:23:09,-08:00,2025-11-07T13:23:09-08:00,0,13
meta\index.html,2,html,8dd72e97,cedjj,2025-11-07,13:23:09,-08:00,2025-11-07T13:23:09-08:00,0,14
meta\index.html,3,html,8dd72e97,cedjj,2025-11-07,13:23:09,-08:00,2025-11-07T13:23:09-08:00,0,4
meta\index.html,4,html,8dd72e97,cedjj,2025-11-07,13:23:09,-08:00,2025-11-07T13:23:09-08:00,2,20
meta\index.html,5,html,8dd72e97,cedjj,2025-11-07,13:23:09,-08:00,2025-11-07T13:23:09-08:00,2,68
meta\index.html,6,html,8dd72e97,cedjj,2025-11-07,13:23:09,-08:00,2025-11-07T13:23:09-08:00,2,17
meta\index.html,7,html,8dd72e97,cedjj,2025-11-07,13:23:09,-08:00,2025-11-07T13:23:09-08:00,2,41
meta\index.html,8,html,8dd72e97,cedjj,2025-11-07,13:23:09,-08:00,2025-11-07T13:23:09-08:00,2,48
meta\index.html,9,html,8dd72e97,cedjj,2025-11-07,13:23:09,-08:00,2025-11-07T13:23:09-08:00,0,5
meta\index.html,10,html,8dd72e97,cedjj,2025-11-07,13:23:09,-08:00,2025-11-07T13:23:09-08:00,0,0
meta\index.html,11,html,8dd72e97,cedjj,2025-11-07,13:23:09,-08:00,2025-11-07T13:23:09-08:00,0,4
meta\index.html,12,html,8dd72e97,cedjj,2025-11-07,13:23:09,-08:00,2025-11-07T13:23:09-08:00,2,11
meta\index.html,13,html,8dd72e97,cedjj,2025-11-07,13:23:09,-08:00,2025-11-07T13:23:09-08:00,0,5
meta\index.html,14,html,8dd72e97,cedjj,2025-11-07,13:23:09,-08:00,2025-11-07T13:23:09-08:00,0,0
meta\index.html,15,html,8dd72e97,cedjj,2025-11-07,13:23:09,-08:00,2025-11-07T13:23:09-08:00,0,5
contact\index.html,1,html,9f951291,cedjj,2025-09-28,18:50:10,-07:00,2025-09-28T18:50:10-07:00,0,13
contact\index.html,2,html,9f951291,cedjj,2025-09-28,18:50:10,-07:00,2025-09-28T18:50:10-07:00,0,14
contact\index.html,3,html,9f951291,cedjj,2025-09-28,18:50:10,-07:00,2025-09-28T18:50:10-07:00,0,4
contact\index.html,4,html,9f951291,cedjj,2025-09-28,18:50:10,-07:00,2025-09-28T18:50:10-07:00,2,20
contact\index.html,5,html,9f951291,cedjj,2025-09-28,18:50:10,-07:00,2025-09-28T18:50:10-07:00,2,68
contact\index.html,6,html,b7dfc176,cedjj,2025-10-01,15:29:25,-07:00,2025-10-01T15:29:25-07:00,2,20
contact\index.html,7,html,f72c8e29,cedjj,2025-10-08,20:46:22,-07:00,2025-10-08T20:46:22-07:00,2,41
contact\index.html,8,html,413617f0,cedjj,2025-10-15,20:24:34,-07:00,2025-10-15T20:24:34-07:00,2,48
contact\index.html,9,html,9f951291,cedjj,2025-09-28,18:50:10,-07:00,2025-09-28T18:50:10-07:00,0,5
contact\index.html,10,html,9f951291,cedjj,2025-09-28,18:50:10,-07:00,2025-09-28T18:50:10-07:00,0,0
contact\index.html,11,html,9f951291,cedjj,2025-09-28,18:50:10,-07:00,2025-09-28T18:50:10-07:00,0,4
contact\index.html,12,html,413617f0,cedjj,2025-10-15,20:24:34,-07:00,2025-10-15T20:24:34-07:00,0,0
contact\index.html,13,html,f72c8e29,cedjj,2025-10-08,20:46:22,-07:00,2025-10-08T20:46:22-07:00,2,17
contact\index.html,14,html,9f951291,cedjj,2025-09-28,18:50:10,-07:00,2025-09-28T18:50:10-07:00,0,0
contact\index.html,15,html,413617f0,cedjj,2025-10-15,20:24:34,-07:00,2025-10-15T20:24:34-07:00,0,49
contact\index.html,16,html,f72c8e29,cedjj,2025-10-08,20:46:22,-07:00,2025-10-08T20:46:22-07:00,2,11
contact\index.html,17,html,f72c8e29,cedjj,2025-10-08,20:46:22,-07:00,2025-10-08T20:46:22-07:00,4,31
contact\index.html,18,html,f72c8e29,cedjj,2025-10-08,20:46:22,-07:00,2025-10-08T20:46:22-07:00,2,6
contact\index.html,19,html,f72c8e29,cedjj,2025-10-08,20:46:22,-07:00,2025-10-08T20:46:22-07:00,2,13
contact\index.html,20,html,f72c8e29,cedjj,2025-10-08,20:46:22,-07:00,2025-10-08T20:46:22-07:00,4,20
contact\index.html,21,html,f72c8e29,cedjj,2025-10-08,20:46:22,-07:00,2025-10-08T20:46:22-07:00,2,6
contact\index.html,22,html,f72c8e29,cedjj,2025-10-08,20:46:22,-07:00,2025-10-08T20:46:22-07:00,2,13
contact\index.html,23,html,f72c8e29,cedjj,2025-10-08,20:46:22,-07:00,2025-10-08T20:46:22-07:00,4,31
contact\index.html,24,html,f72c8e29,cedjj,2025-10-08,20:46:22,-07:00,2025-10-08T20:46:22-07:00,2,6
contact\index.html,25,html,f72c8e29,cedjj,2025-10-08,20:46:22,-07:00,2025-10-08T20:46:22-07:00,2,19
contact\index.html,26,html,9f951291,cedjj,2025-09-28,18:50:10,-07:00,2025-09-28T18:50:10-07:00,0,5
contact\index.html,27,html,f72c8e29,cedjj,2025-10-08,20:46:22,-07:00,2025-10-08T20:46:22-07:00,0,5
contact\index.html,28,html,9f951291,cedjj,2025-09-28,18:50:10,-07:00,2025-09-28T18:50:10-07:00,0,0
contact\index.html,29,html,9f951291,cedjj,2025-09-28,18:50:10,-07:00,2025-09-28T18:50:10-07:00,0,5
